<?xml version = '1.0' encoding = 'UTF-8'?>
<Relation class="oracle.dbtools.crest.model.design.logical.Relation" name="posseder" directorySegmentName="seg_0" id="DABFD0BC-0006-DBD7-5642-4F5DD32479B8">
<createdBy>oracle</createdBy>
<createdTime>2021-11-14 16:48:55 UTC</createdTime>
<ownerDesignName>RelationelUPDATED</ownerDesignName>
<engineerTo>
<item key="FBC3DD9A-0061-4D13-AA34-7CCDB0DB3C62" value="true"/>
</engineerTo>
<sourcePk>5BA2F6B1-86ED-B85C-A066-A770AE107785</sourcePk>
<identifying>false</identifying>
<optionalSource>true</optionalSource>
<optionalTarget>false</optionalTarget>
<sourceCardinality>1</sourceCardinality>
<sourceEntity>6C51E09F-1E8A-C5FE-E71E-4493CD59C3B3</sourceEntity>
<targetCardinalityString>*</targetCardinalityString>
<targetEntity>BC7262C9-F3DC-E303-C104-A12BD57FE87A</targetEntity>
<transferable>true</transferable>
<deleteRule>NO ACTION</deleteRule>
</Relation>