<?xml version = '1.0' encoding = 'UTF-8'?>
<Relation class="oracle.dbtools.crest.model.design.logical.Relation" name="S&apos;occuper" directorySegmentName="seg_0" id="1B854436-E86F-AF1F-510A-86D0AAD22284">
<createdBy>oracle</createdBy>
<createdTime>2021-11-01 16:53:42 UTC</createdTime>
<ownerDesignName>LogiqueUPDATED</ownerDesignName>
<engineerTo>
<item key="FBC3DD9A-0061-4D13-AA34-7CCDB0DB3C62" value="true"/>
</engineerTo>
<identifying>false</identifying>
<optionalSource>true</optionalSource>
<optionalTarget>false</optionalTarget>
<sourceCardinality>*</sourceCardinality>
<sourceEntity>BFF649BA-D4D7-3667-302F-C5CF519EE4E6</sourceEntity>
<targetCardinalityString>*</targetCardinalityString>
<targetEntity>6C51E09F-1E8A-C5FE-E71E-4493CD59C3B3</targetEntity>
<transferable>true</transferable>
<deleteRule>NO ACTION</deleteRule>
</Relation>