<?xml version = '1.0' encoding = 'UTF-8'?>
<Relation class="oracle.dbtools.crest.model.design.logical.Relation" name="TransColis SiteEcommerce FK" directorySegmentName="seg_0" id="8F26464D-2BB5-CA32-F3ED-192D277DC756">
<createdBy>oracle</createdBy>
<createdTime>2021-11-03 17:20:07 UTC</createdTime>
<ownerDesignName>LogiqueUPDATED</ownerDesignName>
<engineerTo>
<item key="FBC3DD9A-0061-4D13-AA34-7CCDB0DB3C62" value="true"/>
</engineerTo>
<sourcePk>9A00F44B-B5A9-AFC2-EE63-59074DC8BC08</sourcePk>
<identifying>false</identifying>
<optionalSource>true</optionalSource>
<optionalTarget>false</optionalTarget>
<sourceCardinality>1</sourceCardinality>
<sourceEntity>454416EE-9641-F433-09AE-E5A48F52DBFE</sourceEntity>
<targetCardinalityString>*</targetCardinalityString>
<targetEntity>6C51E09F-1E8A-C5FE-E71E-4493CD59C3B3</targetEntity>
<transferable>true</transferable>
<deleteRule>NO ACTION</deleteRule>
</Relation>