<?xml version = '1.0' encoding = 'UTF-8'?>
<Relation class="oracle.dbtools.crest.model.design.logical.Relation" name="Facture SiteEcommerce FK" directorySegmentName="seg_0" id="D866E2B8-1E58-EB95-2CD6-D27067246D3C">
<createdBy>oracle</createdBy>
<createdTime>2021-11-01 16:55:34 UTC</createdTime>
<ownerDesignName>LogiqueUPDATED</ownerDesignName>
<engineerTo>
<item key="FBC3DD9A-0061-4D13-AA34-7CCDB0DB3C62" value="true"/>
</engineerTo>
<sourcePk>9A00F44B-B5A9-AFC2-EE63-59074DC8BC08</sourcePk>
<identifying>false</identifying>
<optionalSource>true</optionalSource>
<optionalTarget>false</optionalTarget>
<sourceCardinality>1</sourceCardinality>
<sourceEntity>454416EE-9641-F433-09AE-E5A48F52DBFE</sourceEntity>
<targetCardinalityString>*</targetCardinalityString>
<targetEntity>DC5D2E6E-D6B2-047C-4CF9-74A1F7CE085D</targetEntity>
<transferable>true</transferable>
<deleteRule>NO ACTION</deleteRule>
</Relation>