<?xml version = '1.0' encoding = 'UTF-8'?>
<Entity class="oracle.dbtools.crest.model.design.logical.Entity" directorySegmentName="seg_0" id="78E43310-D452-7DA5-3DCC-1EB75F8144F5" name="Colis">
<createdBy>oracle</createdBy>
<createdTime>2021-11-01 13:07:01 UTC</createdTime>
<ownerDesignName>LogiqueUPDATED</ownerDesignName>
<engineerTo>
<item key="FBC3DD9A-0061-4D13-AA34-7CCDB0DB3C62" value="true"/>
</engineerTo>
<adequatelyNormalized>NO</adequatelyNormalized>
<expectedVolumes>0</expectedVolumes>
<fwdEngineeringStrategyName>Single Table</fwdEngineeringStrategyName>
<growthPercent>0</growthPercent>
<growthType>Year</growthType>
<maxVolumes>9999999</maxVolumes>
<minVolumes>0</minVolumes>
<normalForm>Third</normalForm>
<attributes itemClass="oracle.dbtools.crest.model.design.logical.Attribute">
<Attribute name="id" id="95C8B745-98E7-D81E-0D9C-076C4A227E1B">
<createdBy>oracle</createdBy>
<createdTime>2021-11-01 13:07:14 UTC</createdTime>
<ownerDesignName>LogiqueUPDATED</ownerDesignName>
<engineerTo>
<item key="FBC3DD9A-0061-4D13-AA34-7CCDB0DB3C62" value="true"/>
</engineerTo>
<useDomainConstraints>false</useDomainConstraints>
<use>1</use>
<logicalDatatype>LOGDT011</logicalDatatype>
<ownDataTypeParameters>,,</ownDataTypeParameters>
</Attribute>
<Attribute name="nom" id="8A31AC66-6BEA-E132-B2C8-09982D73A9B0">
<createdBy>oracle</createdBy>
<createdTime>2021-11-01 13:19:39 UTC</createdTime>
<ownerDesignName>LogiqueUPDATED</ownerDesignName>
<engineerTo>
<item key="FBC3DD9A-0061-4D13-AA34-7CCDB0DB3C62" value="true"/>
</engineerTo>
<nullsAllowed>true</nullsAllowed>
<useDomainConstraints>false</useDomainConstraints>
<use>1</use>
<logicalDatatype>LOGDT025</logicalDatatype>
<dataTypeSize>50</dataTypeSize>
<ownDataTypeParameters>50,,</ownDataTypeParameters>
</Attribute>
<Attribute name="taille" id="1BEDBF3A-F461-266F-E64D-B118410A52FC">
<createdBy>oracle</createdBy>
<createdTime>2021-11-01 13:17:57 UTC</createdTime>
<ownerDesignName>LogiqueUPDATED</ownerDesignName>
<engineerTo>
<item key="FBC3DD9A-0061-4D13-AA34-7CCDB0DB3C62" value="true"/>
</engineerTo>
<nullsAllowed>true</nullsAllowed>
<useDomainConstraints>false</useDomainConstraints>
<use>1</use>
<logicalDatatype>LOGDT021</logicalDatatype>
<dataTypePrecision>01</dataTypePrecision>
<ownDataTypeParameters>,01,</ownDataTypeParameters>
</Attribute>
<Attribute name="poids" id="FDFB5787-3B68-AFAB-AB39-C9FF46A2CF41">
<createdBy>oracle</createdBy>
<createdTime>2021-11-01 13:19:11 UTC</createdTime>
<ownerDesignName>LogiqueUPDATED</ownerDesignName>
<engineerTo>
<item key="FBC3DD9A-0061-4D13-AA34-7CCDB0DB3C62" value="true"/>
</engineerTo>
<nullsAllowed>true</nullsAllowed>
<useDomainConstraints>false</useDomainConstraints>
<use>1</use>
<logicalDatatype>LOGDT021</logicalDatatype>
<dataTypePrecision>01</dataTypePrecision>
<ownDataTypeParameters>,01,</ownDataTypeParameters>
</Attribute>
<Attribute name="tarif" id="A026538F-6FF0-1F41-204C-3B8FC64B0FFB">
<createdBy>oracle</createdBy>
<createdTime>2021-11-01 16:26:04 UTC</createdTime>
<ownerDesignName>LogiqueUPDATED</ownerDesignName>
<engineerTo>
<item key="FBC3DD9A-0061-4D13-AA34-7CCDB0DB3C62" value="true"/>
</engineerTo>
<nullsAllowed>true</nullsAllowed>
<useDomainConstraints>false</useDomainConstraints>
<use>1</use>
<logicalDatatype>LOGDT011</logicalDatatype>
<ownDataTypeParameters>,,</ownDataTypeParameters>
</Attribute>
<Attribute name="departementDest" id="5D1C227D-FFD8-049E-AE97-C52CCA5943DD">
<createdBy>oracle</createdBy>
<createdTime>2021-11-03 21:20:42 UTC</createdTime>
<ownerDesignName>LogiqueUPDATED</ownerDesignName>
<engineerTo>
<item key="FBC3DD9A-0061-4D13-AA34-7CCDB0DB3C62" value="true"/>
</engineerTo>
<nullsAllowed>true</nullsAllowed>
<useDomainConstraints>false</useDomainConstraints>
<use>1</use>
<logicalDatatype>LOGDT011</logicalDatatype>
<ownDataTypeParameters>,,</ownDataTypeParameters>
</Attribute>
<Attribute name="destinationRelai" id="8C57701F-C76D-EC97-CF27-1300C8E6AFD6">
<createdBy>oracle</createdBy>
<createdTime>2021-11-03 22:08:17 UTC</createdTime>
<ownerDesignName>LogiqueUPDATED</ownerDesignName>
<engineerTo>
<item key="FBC3DD9A-0061-4D13-AA34-7CCDB0DB3C62" value="true"/>
</engineerTo>
<nullsAllowed>true</nullsAllowed>
<useDomainConstraints>false</useDomainConstraints>
<use>1</use>
<logicalDatatype>LOGDT006</logicalDatatype>
<dataTypeSize>1</dataTypeSize>
<ownDataTypeParameters>1,,</ownDataTypeParameters>
</Attribute>
</attributes>
<identifiers itemClass="oracle.dbtools.crest.model.design.logical.CandidateKey">
<identifier id="1C6747AB-0D5A-A0CC-1B66-C0427053DF0C" name="Colis PK">
<createdBy>oracle</createdBy>
<createdTime>2021-11-01 13:07:40 UTC</createdTime>
<ownerDesignName>LogiqueUPDATED</ownerDesignName>
<shouldEngineer>false</shouldEngineer>
<engineerTo>
<item key="FBC3DD9A-0061-4D13-AA34-7CCDB0DB3C62" value="false"/>
</engineerTo>
<pk>true</pk>
<usedAttributes>
<attributeRef>95C8B745-98E7-D81E-0D9C-076C4A227E1B</attributeRef>
</usedAttributes>
</identifier>
</identifiers>
</Entity>