<?xml version = '1.0' encoding = 'UTF-8'?>
<Entity class="oracle.dbtools.crest.model.design.logical.Entity" directorySegmentName="seg_0" id="BFF649BA-D4D7-3667-302F-C5CF519EE4E6" name="livreur">
<createdBy>oracle</createdBy>
<createdTime>2021-11-01 15:21:11 UTC</createdTime>
<ownerDesignName>LogiqueUPDATED</ownerDesignName>
<engineerTo>
<item key="FBC3DD9A-0061-4D13-AA34-7CCDB0DB3C62" value="true"/>
</engineerTo>
<adequatelyNormalized>NO</adequatelyNormalized>
<expectedVolumes>0</expectedVolumes>
<fwdEngineeringStrategyName>Single Table</fwdEngineeringStrategyName>
<growthPercent>0</growthPercent>
<growthType>Year</growthType>
<maxVolumes>9999999</maxVolumes>
<minVolumes>0</minVolumes>
<normalForm>Third</normalForm>
<attributes itemClass="oracle.dbtools.crest.model.design.logical.Attribute">
<Attribute name="id" id="9E442619-3172-F3E3-6107-EF4ABE2A6769">
<createdBy>oracle</createdBy>
<createdTime>2021-11-01 15:21:20 UTC</createdTime>
<ownerDesignName>LogiqueUPDATED</ownerDesignName>
<engineerTo>
<item key="FBC3DD9A-0061-4D13-AA34-7CCDB0DB3C62" value="true"/>
</engineerTo>
<useDomainConstraints>false</useDomainConstraints>
<use>1</use>
<logicalDatatype>LOGDT011</logicalDatatype>
<ownDataTypeParameters>,,</ownDataTypeParameters>
</Attribute>
</attributes>
<identifiers itemClass="oracle.dbtools.crest.model.design.logical.CandidateKey">
<identifier id="E2785940-3DA3-3F94-209E-49A95D7BDD62" name="livreur PK">
<createdBy>oracle</createdBy>
<createdTime>2021-11-01 15:21:28 UTC</createdTime>
<ownerDesignName>LogiqueUPDATED</ownerDesignName>
<shouldEngineer>false</shouldEngineer>
<engineerTo>
<item key="FBC3DD9A-0061-4D13-AA34-7CCDB0DB3C62" value="false"/>
</engineerTo>
<pk>true</pk>
<usedAttributes>
<attributeRef>9E442619-3172-F3E3-6107-EF4ABE2A6769</attributeRef>
</usedAttributes>
</identifier>
</identifiers>
</Entity>