<?xml version = '1.0' encoding = 'UTF-8'?>
<Diagram class="oracle.dbtools.crest.swingui.relational.DPVRelational" name="Relational_1" id="445CED15-FA72-9176-9DFE-31D6AB1E8436">
<createdBy>oracle</createdBy>
<modifiedBy>oracle</modifiedBy>
<createdTime>2021-11-01 13:27:00 UTC</createdTime>
<autoRoute>false</autoRoute>
<boxInbox>true</boxInbox>
<showLegend>false</showLegend>
<showLabels>false</showLabels>
<showRelAttributes>false</showRelAttributes>
<gridEnabled>false</gridEnabled>
<showGrid>false</showGrid>
<diagramColor>-1</diagramColor>
<display>false</display>
<notation>1</notation>
<objectViews>
<OView class="oracle.dbtools.crest.swingui.relational.TVTable" oid="0A16009E-4977-5B1F-83A4-8B407B399B2B" otype="Table" vid="BF8516D3-A03B-5040-5B0E-CFB4790CB2F7">
<hideElementsInCurrentOnly>false</hideElementsInCurrentOnly>
<bounds x="387" y="198" width="174" height="150"/>
</OView>
<OView class="oracle.dbtools.crest.swingui.relational.TVTable" oid="14AE7299-69FC-2643-2BF8-90B8361C4AAC" otype="Table" vid="7776980E-EB65-208A-A92B-92F62F4E7B04">
<hideElementsInCurrentOnly>false</hideElementsInCurrentOnly>
<bounds x="745" y="688" width="170" height="110"/>
</OView>
<OView class="oracle.dbtools.crest.swingui.relational.TVTable" oid="1AAA879B-EF66-6D2C-B903-EB8939AF6243" otype="Table" vid="CAF4E405-D0B5-958C-379F-15024CE492BD">
<hideElementsInCurrentOnly>false</hideElementsInCurrentOnly>
<bounds x="503" y="587" width="193" height="187"/>
</OView>
<OView class="oracle.dbtools.crest.swingui.relational.TVTable" oid="2CA4D859-4694-0ECF-1A25-76B7C3B6D99E" otype="Table" vid="A54888CA-16BD-BE78-1AAC-30D0860AC9B7">
<hideElementsInCurrentOnly>false</hideElementsInCurrentOnly>
<bounds x="1077" y="58" width="170" height="110"/>
</OView>
<OView class="oracle.dbtools.crest.swingui.relational.TVTable" oid="4993B36A-6789-0326-209D-EB3C4FF33B2D" otype="Table" vid="CF5E50B1-F7EB-03F7-C5F0-A544A5C4036E">
<hideElementsInCurrentOnly>false</hideElementsInCurrentOnly>
<bounds x="0" y="458" width="186" height="171"/>
</OView>
<OView class="oracle.dbtools.crest.swingui.relational.TVTable" oid="49ACE21A-B4CB-CF2C-C107-06071AFDFD92" otype="Table" vid="219496CD-5B1D-5399-E1C6-9F8169FD41F1">
<hideElementsInCurrentOnly>false</hideElementsInCurrentOnly>
<bounds x="816" y="271" width="167" height="125"/>
</OView>
<OView class="oracle.dbtools.crest.swingui.relational.TVTable" oid="53B3A5C4-AB49-D5A1-6B5B-A95A86C18AE4" otype="Table" vid="59589E31-1484-2EC7-AEB3-90525FD4C3F0">
<hideElementsInCurrentOnly>false</hideElementsInCurrentOnly>
<bounds x="856" y="38" width="170" height="110"/>
</OView>
<OView class="oracle.dbtools.crest.swingui.relational.TVTable" oid="5801BEB0-0425-CC41-68DD-D8A11525514B" otype="Table" vid="43E55C89-E4F9-AA08-2D39-55BF7B2A876C">
<hideElementsInCurrentOnly>false</hideElementsInCurrentOnly>
<bounds x="849" y="471" width="198" height="152"/>
</OView>
<OView class="oracle.dbtools.crest.swingui.relational.TVTable" oid="5F330B49-CF2E-F3C8-5433-A0B1204159D6" otype="Table" vid="6C984A80-5155-9E99-4037-C263A88C2040">
<hideElementsInCurrentOnly>false</hideElementsInCurrentOnly>
<bounds x="488" y="403" width="216" height="158"/>
</OView>
<OView class="oracle.dbtools.crest.swingui.relational.TVTable" oid="6D8AD7A2-8B99-BB7E-1236-4A93CFD85402" otype="Table" vid="DE97F7B6-DEE3-8EC6-68C2-D67E7CC26538">
<hideElementsInCurrentOnly>false</hideElementsInCurrentOnly>
<bounds x="10" y="322" width="170" height="110"/>
</OView>
<OView class="oracle.dbtools.crest.swingui.relational.TVTable" oid="817F3AD7-E6AB-2422-7A6C-301D1471DB9D" otype="Table" vid="30717346-D80E-CA40-D6EA-828B7C8D247A">
<hideElementsInCurrentOnly>false</hideElementsInCurrentOnly>
<bounds x="326" y="720" width="172" height="146"/>
</OView>
<OView class="oracle.dbtools.crest.swingui.relational.TVTable" oid="B96294C6-200A-CE44-4095-6C5491CC7AB3" otype="Table" vid="9F683174-93F1-6B37-031A-EBF2CEF6BB0C">
<hideElementsInCurrentOnly>false</hideElementsInCurrentOnly>
<bounds x="130" y="720" width="171" height="147"/>
</OView>
<OView class="oracle.dbtools.crest.swingui.relational.TVTable" oid="BB77D298-7800-D288-2D6F-2A9D113ADD19" otype="Table" vid="CABD39A4-2A1B-F449-F0A1-6EE4346EFB3D">
<hideElementsInCurrentOnly>false</hideElementsInCurrentOnly>
<bounds x="230" y="494" width="172" height="150"/>
</OView>
<OView class="oracle.dbtools.crest.swingui.relational.TVTable" oid="D26DFB6A-42D9-1C1D-B346-11F17DB4B85B" otype="Table" vid="727F3746-7061-E98D-7D4E-C7A4F4FF2DEC">
<hideElementsInCurrentOnly>false</hideElementsInCurrentOnly>
<bounds x="222" y="4" width="170" height="110"/>
</OView>
<OView class="oracle.dbtools.crest.swingui.relational.TVTable" oid="DBDFADD4-2699-EC56-85F7-849CC4C252B9" otype="Table" vid="BD28F0C4-EF39-39B5-77CE-3E8355D82A98">
<hideElementsInCurrentOnly>false</hideElementsInCurrentOnly>
<bounds x="1064" y="269" width="177" height="127"/>
</OView>
<OView class="oracle.dbtools.crest.swingui.relational.TVTable" oid="E588202D-F0BB-0D06-1BAF-4EEFDDDA123C" otype="Table" vid="F09C1B43-BF68-825E-5FA3-B740709EDDA6">
<hideElementsInCurrentOnly>false</hideElementsInCurrentOnly>
<bounds x="610" y="33" width="170" height="110"/>
</OView>
<OView class="oracle.dbtools.crest.swingui.relational.TVTable" oid="F6C7C690-6E3D-6156-8A20-09AE83008007" otype="Table" vid="7EE766A3-1CC5-984F-491A-26F01D285BCA">
<hideElementsInCurrentOnly>false</hideElementsInCurrentOnly>
<bounds x="6" y="109" width="175" height="155"/>
</OView>
<OView class="oracle.dbtools.crest.swingui.relational.TVTable" oid="FF8707DD-5E89-7C1C-6A1B-85DBD5B67DA2" otype="Table" vid="DACA208F-F95D-4935-E06C-527B66C38C74">
<hideElementsInCurrentOnly>false</hideElementsInCurrentOnly>
<bounds x="628" y="204" width="170" height="110"/>
</OView>
</objectViews>
<connectors>
<Connector class="oracle.dbtools.crest.swingui.relational.TVFKRelation" oid="058D764F-6B97-766A-64C3-3887B9ADB979" otype="FKIndexAssociation" vid_source="727F3746-7061-E98D-7D4E-C7A4F4FF2DEC" vid_target="CABD39A4-2A1B-F449-F0A1-6EE4346EFB3D">
<hideElementsInCurrentOnly>false</hideElementsInCurrentOnly>
<backgroundColor>-16777216</backgroundColor>
<lineWidth>1</lineWidth>
<points>
<point x="311" y="114"/>
<point x="311" y="494"/>
</points>
</Connector>
<Connector class="oracle.dbtools.crest.swingui.relational.TVFKRelation" oid="0B5604D5-9192-96CA-7D99-75A042FFB4C8" otype="FKIndexAssociation" vid_source="CABD39A4-2A1B-F449-F0A1-6EE4346EFB3D" vid_target="9F683174-93F1-6B37-031A-EBF2CEF6BB0C">
<hideElementsInCurrentOnly>false</hideElementsInCurrentOnly>
<backgroundColor>-16777216</backgroundColor>
<lineWidth>1</lineWidth>
<points>
<point x="265" y="644"/>
<point x="265" y="720"/>
</points>
</Connector>
<Connector class="oracle.dbtools.crest.swingui.relational.TVFKRelation" oid="0FB579B4-558C-337D-193D-22CEAD76EA7E" otype="FKIndexAssociation" vid_source="F09C1B43-BF68-825E-5FA3-B740709EDDA6" vid_target="727F3746-7061-E98D-7D4E-C7A4F4FF2DEC">
<hideElementsInCurrentOnly>false</hideElementsInCurrentOnly>
<backgroundColor>-16777216</backgroundColor>
<lineWidth>1</lineWidth>
<points>
<point x="610" y="43"/>
<point x="392" y="43"/>
</points>
</Connector>
<Connector class="oracle.dbtools.crest.swingui.relational.TVFKRelation" oid="3C944AC8-C769-8040-C8A4-C959AD092DDC" otype="FKIndexAssociation" vid_source="727F3746-7061-E98D-7D4E-C7A4F4FF2DEC" vid_target="7EE766A3-1CC5-984F-491A-26F01D285BCA">
<hideElementsInCurrentOnly>false</hideElementsInCurrentOnly>
<backgroundColor>-16777216</backgroundColor>
<lineWidth>1</lineWidth>
<points>
<point x="222" y="111"/>
<point x="181" y="111"/>
</points>
</Connector>
<Connector class="oracle.dbtools.crest.swingui.relational.TVFKRelation" oid="416D0956-D1FF-1ED1-2954-AE8884BCD7C1" otype="FKIndexAssociation" vid_source="BF8516D3-A03B-5040-5B0E-CFB4790CB2F7" vid_target="6C984A80-5155-9E99-4037-C263A88C2040">
<hideElementsInCurrentOnly>false</hideElementsInCurrentOnly>
<backgroundColor>-16777216</backgroundColor>
<lineWidth>1</lineWidth>
<points>
<point x="524" y="348"/>
<point x="524" y="403"/>
</points>
</Connector>
<Connector class="oracle.dbtools.crest.swingui.relational.TVFKRelation" oid="428572F0-2170-394A-58DA-34B46642DA6B" otype="FKIndexAssociation" vid_source="CABD39A4-2A1B-F449-F0A1-6EE4346EFB3D" vid_target="CAF4E405-D0B5-958C-379F-15024CE492BD">
<hideElementsInCurrentOnly>false</hideElementsInCurrentOnly>
<backgroundColor>-16777216</backgroundColor>
<lineWidth>1</lineWidth>
<points>
<point x="402" y="615"/>
<point x="503" y="615"/>
</points>
</Connector>
<Connector class="oracle.dbtools.crest.swingui.relational.TVFKRelation" oid="59D9B417-428E-2107-8ADF-6C0DAFA3DF27" otype="FKIndexAssociation" vid_source="6C984A80-5155-9E99-4037-C263A88C2040" vid_target="DACA208F-F95D-4935-E06C-527B66C38C74">
<hideElementsInCurrentOnly>false</hideElementsInCurrentOnly>
<backgroundColor>-16777216</backgroundColor>
<lineWidth>1</lineWidth>
<points>
<point x="681" y="403"/>
<point x="681" y="314"/>
</points>
</Connector>
<Connector class="oracle.dbtools.crest.swingui.relational.TVFKRelation" oid="5A0B0B2C-7D43-C780-C4DF-00A8A11091E0" otype="FKIndexAssociation" vid_source="A54888CA-16BD-BE78-1AAC-30D0860AC9B7" vid_target="59589E31-1484-2EC7-AEB3-90525FD4C3F0">
<hideElementsInCurrentOnly>false</hideElementsInCurrentOnly>
<backgroundColor>-16777216</backgroundColor>
<lineWidth>1</lineWidth>
<points>
<point x="1077" y="103"/>
<point x="1026" y="103"/>
</points>
</Connector>
<Connector class="oracle.dbtools.crest.swingui.relational.TVFKRelation" oid="64F4B5FD-32D7-BF1B-A1AC-8356E317128B" otype="FKIndexAssociation" vid_source="CABD39A4-2A1B-F449-F0A1-6EE4346EFB3D" vid_target="CF5E50B1-F7EB-03F7-C5F0-A544A5C4036E">
<hideElementsInCurrentOnly>false</hideElementsInCurrentOnly>
<backgroundColor>-16777216</backgroundColor>
<lineWidth>1</lineWidth>
<points>
<point x="230" y="591"/>
<point x="186" y="591"/>
</points>
</Connector>
<Connector class="oracle.dbtools.crest.swingui.relational.TVFKRelation" oid="6DD2CCEC-0DC2-1319-67E6-08C3E16CE143" otype="FKIndexAssociation" vid_source="F09C1B43-BF68-825E-5FA3-B740709EDDA6" vid_target="59589E31-1484-2EC7-AEB3-90525FD4C3F0">
<hideElementsInCurrentOnly>false</hideElementsInCurrentOnly>
<backgroundColor>-16777216</backgroundColor>
<lineWidth>1</lineWidth>
<points>
<point x="780" y="90"/>
<point x="856" y="90"/>
</points>
</Connector>
<Connector class="oracle.dbtools.crest.swingui.relational.TVFKRelation" oid="72477102-7F31-D96D-674E-6B7E4308B221" otype="FKIndexAssociation" vid_source="6C984A80-5155-9E99-4037-C263A88C2040" vid_target="CAF4E405-D0B5-958C-379F-15024CE492BD">
<hideElementsInCurrentOnly>false</hideElementsInCurrentOnly>
<backgroundColor>-16777216</backgroundColor>
<lineWidth>1</lineWidth>
<points>
<point x="599" y="561"/>
<point x="599" y="587"/>
</points>
</Connector>
<Connector class="oracle.dbtools.crest.swingui.relational.TVFKRelation" oid="7668BD3E-25D3-D69B-4ABF-953AD7DB7A3E" otype="FKIndexAssociation" vid_source="219496CD-5B1D-5399-E1C6-9F8169FD41F1" vid_target="6C984A80-5155-9E99-4037-C263A88C2040">
<hideElementsInCurrentOnly>false</hideElementsInCurrentOnly>
<backgroundColor>-16777216</backgroundColor>
<lineWidth>1</lineWidth>
<points>
<point x="816" y="374"/>
<point x="704" y="429"/>
</points>
</Connector>
<Connector class="oracle.dbtools.crest.swingui.relational.TVFKRelation" oid="842016D8-C736-3354-11BB-8AE3ABF0EA10" otype="FKIndexAssociation" vid_source="727F3746-7061-E98D-7D4E-C7A4F4FF2DEC" vid_target="BF8516D3-A03B-5040-5B0E-CFB4790CB2F7">
<hideElementsInCurrentOnly>false</hideElementsInCurrentOnly>
<backgroundColor>-16777216</backgroundColor>
<lineWidth>1</lineWidth>
<points>
<point x="389" y="114"/>
<point x="389" y="198"/>
</points>
</Connector>
<Connector class="oracle.dbtools.crest.swingui.relational.TVFKRelation" oid="B05815C2-9C8E-0314-EDCF-82B2DF1E1CB6" otype="FKIndexAssociation" vid_source="CABD39A4-2A1B-F449-F0A1-6EE4346EFB3D" vid_target="30717346-D80E-CA40-D6EA-828B7C8D247A">
<hideElementsInCurrentOnly>false</hideElementsInCurrentOnly>
<backgroundColor>-16777216</backgroundColor>
<lineWidth>1</lineWidth>
<points>
<point x="364" y="644"/>
<point x="364" y="720"/>
</points>
</Connector>
<Connector class="oracle.dbtools.crest.swingui.relational.TVFKRelation" oid="B88FD0AE-81C6-34B0-56BF-FBF6713633BD" otype="FKIndexAssociation" vid_source="DE97F7B6-DEE3-8EC6-68C2-D67E7CC26538" vid_target="6C984A80-5155-9E99-4037-C263A88C2040">
<hideElementsInCurrentOnly>false</hideElementsInCurrentOnly>
<backgroundColor>-16777216</backgroundColor>
<lineWidth>1</lineWidth>
<points>
<point x="180" y="417"/>
<point x="488" y="417"/>
</points>
</Connector>
<Connector class="oracle.dbtools.crest.swingui.relational.TVFKRelation" oid="C2632E75-1CFA-E9D6-D6CA-49BAEA5790B5" otype="FKIndexAssociation" vid_source="F09C1B43-BF68-825E-5FA3-B740709EDDA6" vid_target="DACA208F-F95D-4935-E06C-527B66C38C74">
<hideElementsInCurrentOnly>false</hideElementsInCurrentOnly>
<backgroundColor>-16777216</backgroundColor>
<lineWidth>1</lineWidth>
<points>
<point x="687" y="143"/>
<point x="687" y="204"/>
</points>
</Connector>
<Connector class="oracle.dbtools.crest.swingui.relational.TVFKRelation" oid="C7EAFA40-CB61-5FC5-DDEC-14D146576CE5" otype="FKIndexAssociation" vid_source="DE97F7B6-DEE3-8EC6-68C2-D67E7CC26538" vid_target="7EE766A3-1CC5-984F-491A-26F01D285BCA">
<hideElementsInCurrentOnly>false</hideElementsInCurrentOnly>
<backgroundColor>-16777216</backgroundColor>
<lineWidth>1</lineWidth>
<points>
<point x="80" y="322"/>
<point x="80" y="264"/>
</points>
</Connector>
<Connector class="oracle.dbtools.crest.swingui.relational.TVFKRelation" oid="E0CED827-90C9-7985-C4BA-A45A9770A4BF" otype="FKIndexAssociation" vid_source="219496CD-5B1D-5399-E1C6-9F8169FD41F1" vid_target="BD28F0C4-EF39-39B5-77CE-3E8355D82A98">
<hideElementsInCurrentOnly>false</hideElementsInCurrentOnly>
<backgroundColor>-16777216</backgroundColor>
<lineWidth>1</lineWidth>
<points>
<point x="983" y="348"/>
<point x="1064" y="348"/>
</points>
</Connector>
<Connector class="oracle.dbtools.crest.swingui.relational.TVFKRelation" oid="F1303D43-935D-E67C-1F29-1D77E3381A99" otype="FKIndexAssociation" vid_source="219496CD-5B1D-5399-E1C6-9F8169FD41F1" vid_target="43E55C89-E4F9-AA08-2D39-55BF7B2A876C">
<hideElementsInCurrentOnly>false</hideElementsInCurrentOnly>
<backgroundColor>-16777216</backgroundColor>
<lineWidth>1</lineWidth>
<points>
<point x="931" y="396"/>
<point x="931" y="471"/>
</points>
</Connector>
<Connector class="oracle.dbtools.crest.swingui.relational.TVFKRelation" oid="FD60958E-34E8-96D0-0281-6CD0ACF8A7B9" otype="FKIndexAssociation" vid_source="6C984A80-5155-9E99-4037-C263A88C2040" vid_target="7776980E-EB65-208A-A92B-92F62F4E7B04">
<hideElementsInCurrentOnly>false</hideElementsInCurrentOnly>
<backgroundColor>-16777216</backgroundColor>
<lineWidth>1</lineWidth>
<points>
<point x="666" y="561"/>
<point x="780" y="688"/>
</points>
</Connector>
</connectors>
</Diagram>