<?xml version = '1.0' encoding = 'UTF-8'?>
<Table class="oracle.dbtools.crest.model.design.relational.Table" directorySegmentName="seg_0" id="BB77D298-7800-D288-2D6F-2A9D113ADD19" name="Magasin">
<createdBy>oracle</createdBy>
<createdTime>2021-11-01 17:00:15 UTC</createdTime>
<generatorID>3966F451-7781-0DB8-1117-CFEC04761810</generatorID>
<ownerDesignName>Modele logique</ownerDesignName>
<allowColumnReorder>false</allowColumnReorder>
<existDependencyGenerateInDDl>true</existDependencyGenerateInDDl>
<parsed>true</parsed>
<columns itemClass="oracle.dbtools.crest.model.design.relational.Column">
<Column name="id" id="81740D92-E622-DAFB-5868-D516575EB0B1">
<createdBy>oracle</createdBy>
<createdTime>2021-11-01 17:00:15 UTC</createdTime>
<generatorID>C2F1FD93-5789-45FA-0047-30A7F4B1EDA4</generatorID>
<ownerDesignName>Modele logique</ownerDesignName>
<useDomainConstraints>false</useDomainConstraints>
<use>1</use>
<logicalDatatype>LOGDT011</logicalDatatype>
<ownDataTypeParameters>,,</ownDataTypeParameters>
<autoIncrementCycle>false</autoIncrementCycle>
</Column>
<Column name="numeroRue" id="02DEAA34-75BB-FE8F-D1AC-78A8E4E96B2C">
<createdBy>oracle</createdBy>
<createdTime>2021-11-01 17:00:15 UTC</createdTime>
<generatorID>A38A8D48-CCF6-49CA-5478-08B6EE933F1F</generatorID>
<ownerDesignName>Modele logique</ownerDesignName>
<nullsAllowed>true</nullsAllowed>
<useDomainConstraints>false</useDomainConstraints>
<use>1</use>
<logicalDatatype>LOGDT011</logicalDatatype>
<ownDataTypeParameters>,,</ownDataTypeParameters>
<autoIncrementCycle>false</autoIncrementCycle>
</Column>
<Column name="nomRue" id="81E653DF-5DAE-D48C-F0AD-200C869317BC">
<createdBy>oracle</createdBy>
<createdTime>2021-11-01 17:00:15 UTC</createdTime>
<generatorID>947AC0BE-A829-E70F-CAAC-B0BB83276F33</generatorID>
<ownerDesignName>Modele logique</ownerDesignName>
<nullsAllowed>true</nullsAllowed>
<useDomainConstraints>false</useDomainConstraints>
<use>1</use>
<logicalDatatype>LOGDT025</logicalDatatype>
<dataTypeSize>150</dataTypeSize>
<ownDataTypeParameters>150,,</ownDataTypeParameters>
<autoIncrementCycle>false</autoIncrementCycle>
</Column>
<Column name="ville" id="1E3E3ECF-7B95-D181-7DF5-744CF1EC08D3">
<createdBy>oracle</createdBy>
<createdTime>2021-11-01 17:00:15 UTC</createdTime>
<generatorID>96585DE2-2E39-4619-4144-8345F2386D8F</generatorID>
<ownerDesignName>Modele logique</ownerDesignName>
<nullsAllowed>true</nullsAllowed>
<useDomainConstraints>false</useDomainConstraints>
<use>1</use>
<logicalDatatype>LOGDT025</logicalDatatype>
<dataTypeSize>50</dataTypeSize>
<ownDataTypeParameters>50,,</ownDataTypeParameters>
<autoIncrementCycle>false</autoIncrementCycle>
</Column>
<Column name="departement" id="D4F50AFC-C200-4B10-B14F-DB3406EE98FC">
<createdBy>oracle</createdBy>
<createdTime>2021-11-01 17:00:15 UTC</createdTime>
<generatorID>254CF11A-85AC-3730-5BFE-CE7E026F55EC</generatorID>
<ownerDesignName>Modele logique</ownerDesignName>
<nullsAllowed>true</nullsAllowed>
<useDomainConstraints>false</useDomainConstraints>
<use>1</use>
<logicalDatatype>LOGDT011</logicalDatatype>
<ownDataTypeParameters>,,</ownDataTypeParameters>
<autoIncrementCycle>false</autoIncrementCycle>
</Column>
<Column name="raisonSociale" id="8A04B495-A20D-720D-1BAC-C4A7C21B0DE8">
<createdBy>oracle</createdBy>
<createdTime>2021-11-01 17:00:15 UTC</createdTime>
<generatorID>AA5F9B38-CE6F-E987-192D-B8303343D082</generatorID>
<ownerDesignName>Modele logique</ownerDesignName>
<nullsAllowed>true</nullsAllowed>
<useDomainConstraints>false</useDomainConstraints>
<use>1</use>
<logicalDatatype>LOGDT025</logicalDatatype>
<dataTypeSize>50</dataTypeSize>
<ownDataTypeParameters>50,,</ownDataTypeParameters>
<autoIncrementCycle>false</autoIncrementCycle>
</Column>
<Column name="numRegistre" id="83BCD646-E86A-0B77-95F2-54271D5853BE">
<createdBy>oracle</createdBy>
<createdTime>2021-11-01 17:00:15 UTC</createdTime>
<generatorID>1694796C-6C04-43B7-9AAC-CFC70D255511</generatorID>
<ownerDesignName>Modele logique</ownerDesignName>
<nullsAllowed>true</nullsAllowed>
<useDomainConstraints>false</useDomainConstraints>
<use>1</use>
<logicalDatatype>LOGDT011</logicalDatatype>
<ownDataTypeParameters>,,</ownDataTypeParameters>
<autoIncrementCycle>false</autoIncrementCycle>
</Column>
<Column name="nomResponsable" id="DD2CA35E-00EF-AEAF-800F-1FC7FD762FCE">
<createdBy>oracle</createdBy>
<createdTime>2021-11-01 17:00:15 UTC</createdTime>
<generatorID>D80D9054-2D25-4FF8-8779-D1BFD179F7EE</generatorID>
<ownerDesignName>Modele logique</ownerDesignName>
<nullsAllowed>true</nullsAllowed>
<useDomainConstraints>false</useDomainConstraints>
<use>1</use>
<logicalDatatype>LOGDT025</logicalDatatype>
<dataTypeSize>50</dataTypeSize>
<ownDataTypeParameters>50,,</ownDataTypeParameters>
<autoIncrementCycle>false</autoIncrementCycle>
</Column>
<Column name="telephone" id="9394619B-F38D-5EC3-6508-AE7E001FAE02">
<createdBy>oracle</createdBy>
<createdTime>2021-11-01 17:00:15 UTC</createdTime>
<generatorID>DDB07171-4E62-0D04-1E18-15AE6E70ED2C</generatorID>
<ownerDesignName>Modele logique</ownerDesignName>
<nullsAllowed>true</nullsAllowed>
<useDomainConstraints>false</useDomainConstraints>
<use>1</use>
<logicalDatatype>LOGDT020</logicalDatatype>
<ownDataTypeParameters>,,</ownDataTypeParameters>
<autoIncrementCycle>false</autoIncrementCycle>
</Column>
<Column name="listeAdressesColis_id" id="772FE2EF-2015-F44A-2B24-5F40D741F329">
<createdBy>oracle</createdBy>
<createdTime>2021-11-03 18:27:38 UTC</createdTime>
<generatorID>1BD64353-17E1-0C03-F5AE-8C5F1E59D1A2</generatorID>
<ownerDesignName>Modele logique</ownerDesignName>
<useDomainConstraints>false</useDomainConstraints>
<use>1</use>
<logicalDatatype>LOGDT011</logicalDatatype>
<ownDataTypeParameters>,,</ownDataTypeParameters>
<previousColumn>false</previousColumn>
<autoIncrementCycle>false</autoIncrementCycle>
<associations>
<colAssociation fkAssociation="058D764F-6B97-766A-64C3-3887B9ADB979" referredColumn="8A0C8B94-0054-70F1-A7B4-0DB06D23B7D4"/>
</associations>
</Column>
<Column name="estActif" id="C6BBEDA4-DA2D-5C54-3E09-529D6C3C5DF7">
<createdBy>oracle</createdBy>
<createdTime>2021-11-03 22:19:24 UTC</createdTime>
<generatorID>2D2003E0-4ADF-5A2E-559C-9A535F1AD92A</generatorID>
<ownerDesignName>Modele logique</ownerDesignName>
<nullsAllowed>true</nullsAllowed>
<useDomainConstraints>false</useDomainConstraints>
<use>1</use>
<logicalDatatype>LOGDT006</logicalDatatype>
<dataTypeSize>1</dataTypeSize>
<ownDataTypeParameters>1,,</ownDataTypeParameters>
<autoIncrementCycle>false</autoIncrementCycle>
</Column>
</columns>
<indexes itemClass="oracle.dbtools.crest.model.design.relational.Index">
<ind_PK_UK id="DBB1F6ED-F75E-4BB2-E428-23EF2F276129" name="Magasin_PK">
<createdBy>oracle</createdBy>
<createdTime>2021-11-01 17:00:15 UTC</createdTime>
<generatorID>34FE3DA3-BB90-36E6-3AD8-71AAC7664F83</generatorID>
<ownerDesignName>Modele logique</ownerDesignName>
<pk>true</pk>
<indexState>Primary Constraint</indexState>
<isSurrogateKey>false</isSurrogateKey>
<indexColumnUsage>
<colUsage columnID="81740D92-E622-DAFB-5868-D516575EB0B1"/>
<colUsage columnID="772FE2EF-2015-F44A-2B24-5F40D741F329"/>
</indexColumnUsage>
</ind_PK_UK>
<ind_PK_UK id="CE7E7E3D-8353-7A4B-A2C4-F222FD20D8A8" name="Magasin_listeAdressesColis_FK">
<createdBy>oracle</createdBy>
<createdTime>2021-11-03 22:25:30 UTC</createdTime>
<generatorID>884B36D2-8DF7-41EA-F3F0-A0B9168368E3</generatorID>
<ownerDesignName>Modele logique</ownerDesignName>
<indexState>Foreign Key</indexState>
<isSurrogateKey>false</isSurrogateKey>
<indexColumnUsage>
<colUsage columnID="772FE2EF-2015-F44A-2B24-5F40D741F329"/>
</indexColumnUsage>
</ind_PK_UK>
</indexes>
</Table>