<?xml version = '1.0' encoding = 'UTF-8'?>
<FKIndexAssociation class="oracle.dbtools.crest.model.design.relational.FKIndexAssociation" directorySegmentName="seg_0" id="59D9B417-428E-2107-8ADF-6C0DAFA3DF27" containerWithKeyObject="FF8707DD-5E89-7C1C-6A1B-85DBD5B67DA2" localFKIndex="FD011A22-0989-1D06-316E-B6A363A08476" name="Relation_23_TransColis_FK">
<createdBy>oracle</createdBy>
<createdTime>2021-11-01 17:00:16 UTC</createdTime>
<generatorID>1B854436-E86F-AF1F-510A-86D0AAD22284</generatorID>
<ownerDesignName>RelationelUPDATED</ownerDesignName>
<referredTableLongName>TransColis</referredTableLongName>
<deleteRule>NO ACTION</deleteRule>
<referredTableID>5F330B49-CF2E-F3C8-5433-A0B1204159D6</referredTableID>
<keyObject>92F791BB-E878-F10E-F818-067B52EFA4E4</keyObject>
<referredKeyID>92F791BB-E878-F10E-F818-067B52EFA4E4</referredKeyID>
<mandatory>true</mandatory>
<refColNames>id,Colis_id</refColNames>
<transferable>true</transferable>
<rely>false</rely>
<columnDependencyConstraintGenerateInDDL>true</columnDependencyConstraintGenerateInDDL>
</FKIndexAssociation>