<?xml version = '1.0' encoding = 'UTF-8'?>
<FKIndexAssociation class="oracle.dbtools.crest.model.design.relational.FKIndexAssociation" directorySegmentName="seg_0" id="64F4B5FD-32D7-BF1B-A1AC-8356E317128B" containerWithKeyObject="4993B36A-6789-0326-209D-EB3C4FF33B2D" localFKIndex="96D4D0F8-AEEF-5DCA-7683-360E973456B5" name="ContratRelai_Magasin_FK">
<createdBy>oracle</createdBy>
<createdTime>2021-11-01 17:00:16 UTC</createdTime>
<generatorID>ECFC71BB-D5D5-4729-5FC8-4A04A36ACAC8</generatorID>
<ownerDesignName>RelationelUPDATED</ownerDesignName>
<referredTableLongName>Magasin</referredTableLongName>
<deleteRule>NO ACTION</deleteRule>
<referredTableID>BB77D298-7800-D288-2D6F-2A9D113ADD19</referredTableID>
<keyObject>DBB1F6ED-F75E-4BB2-E428-23EF2F276129</keyObject>
<referredKeyID>DBB1F6ED-F75E-4BB2-E428-23EF2F276129</referredKeyID>
<mandatory>true</mandatory>
<refColNames>id</refColNames>
<transferable>true</transferable>
<rely>false</rely>
<columnDependencyConstraintGenerateInDDL>true</columnDependencyConstraintGenerateInDDL>
</FKIndexAssociation>