<?xml version = '1.0' encoding = 'UTF-8'?>
<FKIndexAssociation class="oracle.dbtools.crest.model.design.relational.FKIndexAssociation" directorySegmentName="seg_0" id="72477102-7F31-D96D-674E-6B7E4308B221" containerWithKeyObject="1AAA879B-EF66-6D2C-B903-EB8939AF6243" localFKIndex="30F2E91D-402D-C84D-8C72-0B6193F8B065" name="Relation_18_TransColis_FK">
<createdBy>oracle</createdBy>
<createdTime>2021-11-01 17:00:16 UTC</createdTime>
<generatorID>AF1F6FB0-E92D-B610-3F71-36544B7A98B0</generatorID>
<ownerDesignName>RelationelUPDATED</ownerDesignName>
<referredTableLongName>TransColis</referredTableLongName>
<deleteRule>NO ACTION</deleteRule>
<referredTableID>5F330B49-CF2E-F3C8-5433-A0B1204159D6</referredTableID>
<keyObject>92F791BB-E878-F10E-F818-067B52EFA4E4</keyObject>
<referredKeyID>92F791BB-E878-F10E-F818-067B52EFA4E4</referredKeyID>
<mandatory>true</mandatory>
<refColNames>id,Colis_id</refColNames>
<transferable>true</transferable>
<rely>false</rely>
<columnDependencyConstraintGenerateInDDL>true</columnDependencyConstraintGenerateInDDL>
</FKIndexAssociation>