<?xml version = '1.0' encoding = 'UTF-8'?>
<FKIndexAssociation class="oracle.dbtools.crest.model.design.relational.FKIndexAssociation" directorySegmentName="seg_0" id="FD60958E-34E8-96D0-0281-6CD0ACF8A7B9" containerWithKeyObject="14AE7299-69FC-2643-2BF8-90B8361C4AAC" localFKIndex="2E1E6991-E190-3A39-E35D-7590DD0BE3F2" name="coordGps_TransColis_FK">
<createdBy>oracle</createdBy>
<createdTime>2021-11-14 16:49:36 UTC</createdTime>
<generatorID>DABFD0BC-0006-DBD7-5642-4F5DD32479B8</generatorID>
<ownerDesignName>RelationelUPDATED</ownerDesignName>
<referredTableLongName>TransColis</referredTableLongName>
<deleteRule>NO ACTION</deleteRule>
<referredTableID>5F330B49-CF2E-F3C8-5433-A0B1204159D6</referredTableID>
<keyObject>92F791BB-E878-F10E-F818-067B52EFA4E4</keyObject>
<referredKeyID>92F791BB-E878-F10E-F818-067B52EFA4E4</referredKeyID>
<mandatory>true</mandatory>
<refColNames>id,Colis_id</refColNames>
<transferable>true</transferable>
<rely>false</rely>
<columnDependencyConstraintGenerateInDDL>true</columnDependencyConstraintGenerateInDDL>
</FKIndexAssociation>