<?xml version = '1.0' encoding = 'UTF-8'?>
<Entity class="oracle.dbtools.crest.model.design.logical.Entity" directorySegmentName="seg_0" id="89C67DF7-B93B-8BB1-4BF4-90E4E06CAC43" name="ContratRelai">
<createdBy>oracle</createdBy>
<createdTime>2021-11-01 13:03:35 UTC</createdTime>
<ownerDesignName>RelationelUPDATED</ownerDesignName>
<engineerTo>
<item key="FBC3DD9A-0061-4D13-AA34-7CCDB0DB3C62" value="true"/>
</engineerTo>
<adequatelyNormalized>NO</adequatelyNormalized>
<expectedVolumes>0</expectedVolumes>
<fwdEngineeringStrategyName>Single Table</fwdEngineeringStrategyName>
<growthPercent>0</growthPercent>
<growthType>Year</growthType>
<maxVolumes>9999999</maxVolumes>
<minVolumes>0</minVolumes>
<normalForm>Third</normalForm>
<attributes itemClass="oracle.dbtools.crest.model.design.logical.Attribute">
<Attribute name="id" id="B1A0D3D2-3B85-861C-EB04-B0743F269F68">
<createdBy>oracle</createdBy>
<createdTime>2021-11-01 13:03:47 UTC</createdTime>
<ownerDesignName>RelationelUPDATED</ownerDesignName>
<engineerTo>
<item key="FBC3DD9A-0061-4D13-AA34-7CCDB0DB3C62" value="true"/>
</engineerTo>
<useDomainConstraints>false</useDomainConstraints>
<use>1</use>
<logicalDatatype>LOGDT011</logicalDatatype>
<ownDataTypeParameters>,,</ownDataTypeParameters>
</Attribute>
<Attribute name="date debut" id="8F95701B-04E4-10AC-937B-680614F1ACE0">
<createdBy>oracle</createdBy>
<createdTime>2021-11-01 13:04:23 UTC</createdTime>
<ownerDesignName>RelationelUPDATED</ownerDesignName>
<engineerTo>
<item key="FBC3DD9A-0061-4D13-AA34-7CCDB0DB3C62" value="true"/>
</engineerTo>
<nullsAllowed>true</nullsAllowed>
<useDomainConstraints>false</useDomainConstraints>
<use>1</use>
<logicalDatatype>LOGDT007</logicalDatatype>
<ownDataTypeParameters>,,</ownDataTypeParameters>
</Attribute>
<Attribute name="date fin" id="BEAD431B-44E6-3366-CEC5-D37FD6F171F0">
<createdBy>oracle</createdBy>
<createdTime>2021-11-01 13:05:20 UTC</createdTime>
<ownerDesignName>RelationelUPDATED</ownerDesignName>
<engineerTo>
<item key="FBC3DD9A-0061-4D13-AA34-7CCDB0DB3C62" value="true"/>
</engineerTo>
<nullsAllowed>true</nullsAllowed>
<useDomainConstraints>false</useDomainConstraints>
<use>1</use>
<logicalDatatype>LOGDT007</logicalDatatype>
<ownDataTypeParameters>,,</ownDataTypeParameters>
</Attribute>
<Attribute name="tarif" id="124934FB-C024-9EC3-2B95-CDA11B990359">
<createdBy>oracle</createdBy>
<createdTime>2021-11-01 14:28:46 UTC</createdTime>
<ownerDesignName>RelationelUPDATED</ownerDesignName>
<engineerTo>
<item key="FBC3DD9A-0061-4D13-AA34-7CCDB0DB3C62" value="true"/>
</engineerTo>
<nullsAllowed>true</nullsAllowed>
<useDomainConstraints>false</useDomainConstraints>
<use>1</use>
<logicalDatatype>LOGDT011</logicalDatatype>
<ownDataTypeParameters>,,</ownDataTypeParameters>
</Attribute>
<Attribute name="dateResiliation" id="2609EB8E-8BC5-302B-CD81-6194730CD0E7">
<createdBy>oracle</createdBy>
<createdTime>2021-11-01 15:11:14 UTC</createdTime>
<ownerDesignName>RelationelUPDATED</ownerDesignName>
<engineerTo>
<item key="FBC3DD9A-0061-4D13-AA34-7CCDB0DB3C62" value="true"/>
</engineerTo>
<nullsAllowed>true</nullsAllowed>
<useDomainConstraints>false</useDomainConstraints>
<use>1</use>
<logicalDatatype>LOGDT007</logicalDatatype>
<ownDataTypeParameters>,,</ownDataTypeParameters>
</Attribute>
<Attribute name="Magasin id" id="856BDD98-E51D-7C65-B091-EEC864D0685C">
<createdBy>oracle</createdBy>
<createdTime>2021-11-01 16:50:29 UTC</createdTime>
<generatorID>ECFC71BB-D5D5-4729-5FC8-4A04A36ACAC8</generatorID>
<ownerDesignName>RelationelUPDATED</ownerDesignName>
<engineerTo>
<item key="FBC3DD9A-0061-4D13-AA34-7CCDB0DB3C62" value="true"/>
</engineerTo>
<referedAttribute>C2F1FD93-5789-45FA-0047-30A7F4B1EDA4</referedAttribute>
<useDomainConstraints>false</useDomainConstraints>
<use>1</use>
<logicalDatatype>LOGDT011</logicalDatatype>
<ownDataTypeParameters>,,</ownDataTypeParameters>
</Attribute>
<Attribute name="enCours" id="37D84A19-D55A-D612-B90B-6C86DAA784E1">
<createdBy>oracle</createdBy>
<createdTime>2021-11-03 18:00:42 UTC</createdTime>
<ownerDesignName>RelationelUPDATED</ownerDesignName>
<engineerTo>
<item key="FBC3DD9A-0061-4D13-AA34-7CCDB0DB3C62" value="true"/>
</engineerTo>
<nullsAllowed>true</nullsAllowed>
<useDomainConstraints>false</useDomainConstraints>
<use>1</use>
<logicalDatatype>LOGDT006</logicalDatatype>
<dataTypeSize>1</dataTypeSize>
<ownDataTypeParameters>1,,</ownDataTypeParameters>
</Attribute>
<Attribute name="coefRelai" id="F02F36F5-8D4D-D4AF-9A44-D9B6DFDD605C">
<createdBy>oracle</createdBy>
<createdTime>2021-11-14 16:47:28 UTC</createdTime>
<generatorID>A1615D62-2CBA-675D-0D70-04AE7EA70167</generatorID>
<ownerDesignName>RelationelUPDATED</ownerDesignName>
<engineerTo>
<item key="FBC3DD9A-0061-4D13-AA34-7CCDB0DB3C62" value="true"/>
</engineerTo>
<nullsAllowed>true</nullsAllowed>
<useDomainConstraints>false</useDomainConstraints>
<use>1</use>
<logicalDatatype>LOGDT021</logicalDatatype>
<ownDataTypeParameters>,,</ownDataTypeParameters>
</Attribute>
</attributes>
<identifiers itemClass="oracle.dbtools.crest.model.design.logical.CandidateKey">
<identifier id="AF173CEB-0853-2BB4-21B7-AF2EEBD1D64D" name="ContratRelai_PK">
<createdBy>oracle</createdBy>
<createdTime>2021-11-01 13:03:57 UTC</createdTime>
<ownerDesignName>RelationelUPDATED</ownerDesignName>
<shouldEngineer>false</shouldEngineer>
<engineerTo>
<item key="FBC3DD9A-0061-4D13-AA34-7CCDB0DB3C62" value="false"/>
</engineerTo>
<pk>true</pk>
<usedAttributes>
<attributeRef>B1A0D3D2-3B85-861C-EB04-B0743F269F68</attributeRef>
</usedAttributes>
</identifier>
</identifiers>
</Entity>