<?xml version = '1.0' encoding = 'UTF-8'?>
<Diagram class="oracle.dbtools.crest.swingui.logical.DPVLogical" name="Logical" id="83ED94DA-2DAF-37A6-6D88-F1F902BEE8E8">
<createdBy>oracle</createdBy>
<modifiedBy>oracle</modifiedBy>
<createdTime>2021-11-01 12:48:33 UTC</createdTime>
<autoRoute>false</autoRoute>
<boxInbox>true</boxInbox>
<showLegend>false</showLegend>
<showLabels>false</showLabels>
<showRelAttributes>false</showRelAttributes>
<gridEnabled>false</gridEnabled>
<showGrid>false</showGrid>
<diagramColor>-1</diagramColor>
<display>false</display>
<notation>1</notation>
<objectViews>
<OView class="oracle.dbtools.crest.swingui.logical.TVEntity" oid="0C6B631D-1A16-4A61-63DB-75A9F931A3CE" otype="Entity" vid="B10DD914-1C91-7F07-8BE2-0A201A3E108F">
<hideElementsInCurrentOnly>false</hideElementsInCurrentOnly>
<bounds x="222" y="4" width="170" height="110"/>
</OView>
<OView class="oracle.dbtools.crest.swingui.logical.TVEntity" oid="2B3523D2-0D66-8013-06B1-0245416B5688" otype="Entity" vid="2C524508-626E-D68E-C30C-71AAE0877D8B">
<hideElementsInCurrentOnly>false</hideElementsInCurrentOnly>
<bounds x="10" y="322" width="170" height="110"/>
</OView>
<OView class="oracle.dbtools.crest.swingui.logical.TVEntity" oid="3966F451-7781-0DB8-1117-CFEC04761810" otype="Entity" vid="18A37C87-06DC-5061-6A1D-1CF30BE5F5B0">
<hideElementsInCurrentOnly>false</hideElementsInCurrentOnly>
<bounds x="261" y="479" width="172" height="150"/>
</OView>
<OView class="oracle.dbtools.crest.swingui.logical.TVEntity" oid="3A8E7BB2-30DF-CE31-15B2-A52D695A3D76" otype="Entity" vid="720B9016-F9E0-523B-876B-934D4245EBDB">
<hideElementsInCurrentOnly>false</hideElementsInCurrentOnly>
<bounds x="1138" y="504" width="170" height="110"/>
</OView>
<OView class="oracle.dbtools.crest.swingui.logical.TVEntity" oid="454416EE-9641-F433-09AE-E5A48F52DBFE" otype="Entity" vid="FBD77C23-E80D-D9F6-FE27-267559882BA2">
<hideElementsInCurrentOnly>false</hideElementsInCurrentOnly>
<bounds x="816" y="271" width="167" height="125"/>
</OView>
<OView class="oracle.dbtools.crest.swingui.logical.TVEntity" oid="6C51E09F-1E8A-C5FE-E71E-4493CD59C3B3" otype="Entity" vid="E68CB922-6442-1495-7C68-C622F378895F">
<hideElementsInCurrentOnly>false</hideElementsInCurrentOnly>
<bounds x="578" y="391" width="170" height="110"/>
</OView>
<OView class="oracle.dbtools.crest.swingui.logical.TVEntity" oid="78E43310-D452-7DA5-3DCC-1EB75F8144F5" otype="Entity" vid="F078104C-E8EE-5AC5-9FCD-168747717643">
<hideElementsInCurrentOnly>false</hideElementsInCurrentOnly>
<bounds x="387" y="198" width="171" height="111"/>
</OView>
<OView class="oracle.dbtools.crest.swingui.logical.TVEntity" oid="8136C48F-67FE-D1C0-A2EA-435D30FF3BA2" otype="Entity" vid="2C001FC0-C88C-2ED6-E712-186085500556">
<hideElementsInCurrentOnly>false</hideElementsInCurrentOnly>
<bounds x="887" y="20" width="170" height="110"/>
</OView>
<OView class="oracle.dbtools.crest.swingui.logical.TVEntity" oid="84C5B804-DDA8-BDF9-67DE-893C2C407223" otype="Entity" vid="D1EBEE79-1A1B-81F7-A0C2-82E9E846213D">
<hideElementsInCurrentOnly>false</hideElementsInCurrentOnly>
<bounds x="445" y="735" width="170" height="110"/>
</OView>
<OView class="oracle.dbtools.crest.swingui.logical.TVEntity" oid="89C67DF7-B93B-8BB1-4BF4-90E4E06CAC43" otype="Entity" vid="896BA6C9-13CC-5739-5888-D3D792E6A5BF">
<hideElementsInCurrentOnly>false</hideElementsInCurrentOnly>
<bounds x="0" y="458" width="186" height="171"/>
</OView>
<OView class="oracle.dbtools.crest.swingui.logical.TVEntity" oid="A2F5E5CB-73A4-9470-FEAE-30A661A0F6BF" otype="Entity" vid="5FBBCCC3-FD74-B8F6-02F7-1E93AF389AB9">
<hideElementsInCurrentOnly>false</hideElementsInCurrentOnly>
<bounds x="121" y="767" width="170" height="110"/>
</OView>
<OView class="oracle.dbtools.crest.swingui.logical.TVEntity" oid="B8652ADC-99A7-F91B-E0AF-21211B266C7F" otype="Entity" vid="858D0372-70B2-D93D-436A-B9A3720B3B69">
<hideElementsInCurrentOnly>false</hideElementsInCurrentOnly>
<bounds x="0" y="155" width="170" height="110"/>
</OView>
<OView class="oracle.dbtools.crest.swingui.logical.TVEntity" oid="BC7262C9-F3DC-E303-C104-A12BD57FE87A" otype="Entity" vid="34888436-54E8-A062-CD81-0239CCEF669D">
<hideElementsInCurrentOnly>false</hideElementsInCurrentOnly>
<bounds x="649" y="631" width="170" height="110"/>
</OView>
<OView class="oracle.dbtools.crest.swingui.logical.TVEntity" oid="BFF649BA-D4D7-3667-302F-C5CF519EE4E6" otype="Entity" vid="6647BB22-46E0-41C0-7E2F-4420C7C3ADA3">
<hideElementsInCurrentOnly>false</hideElementsInCurrentOnly>
<bounds x="610" y="33" width="170" height="110"/>
</OView>
<OView class="oracle.dbtools.crest.swingui.logical.TVEntity" oid="DC5D2E6E-D6B2-047C-4CF9-74A1F7CE085D" otype="Entity" vid="3A1AF4B9-2418-0112-C57B-4404E026218C">
<hideElementsInCurrentOnly>false</hideElementsInCurrentOnly>
<bounds x="873" y="524" width="170" height="110"/>
</OView>
<OView class="oracle.dbtools.crest.swingui.logical.TVEntity" oid="F614B273-716A-7B6D-A1F8-FDBB8BCC53FF" otype="Entity" vid="172B7131-EFFC-2BAD-4BE5-26071A7716E9">
<hideElementsInCurrentOnly>false</hideElementsInCurrentOnly>
<bounds x="1070" y="275" width="177" height="127"/>
</OView>
</objectViews>
<connectors>
<Connector class="oracle.dbtools.crest.swingui.logical.TVRelation" oid="05B341F4-5491-B40F-3635-62ED7A728B58" otype="Relation" vid_source="720B9016-F9E0-523B-876B-934D4245EBDB" vid_target="3A1AF4B9-2418-0112-C57B-4404E026218C">
<hideElementsInCurrentOnly>false</hideElementsInCurrentOnly>
<backgroundColor>-16777216</backgroundColor>
<lineWidth>1</lineWidth>
<points>
<point x="1138" y="569"/>
<point x="1043" y="569"/>
</points>
</Connector>
<Connector class="oracle.dbtools.crest.swingui.logical.TVRelation" oid="074E237F-B10B-66B9-1242-3A232C651598" otype="Relation" vid_source="6647BB22-46E0-41C0-7E2F-4420C7C3ADA3" vid_target="2C001FC0-C88C-2ED6-E712-186085500556">
<hideElementsInCurrentOnly>false</hideElementsInCurrentOnly>
<backgroundColor>-16777216</backgroundColor>
<lineWidth>1</lineWidth>
<points>
<point x="780" y="81"/>
<point x="887" y="81"/>
</points>
</Connector>
<Connector class="oracle.dbtools.crest.swingui.logical.TVRelation" oid="1B854436-E86F-AF1F-510A-86D0AAD22284" otype="Relation" vid_source="6647BB22-46E0-41C0-7E2F-4420C7C3ADA3" vid_target="E68CB922-6442-1495-7C68-C622F378895F">
<hideElementsInCurrentOnly>false</hideElementsInCurrentOnly>
<backgroundColor>-16777216</backgroundColor>
<lineWidth>1</lineWidth>
<points>
<point x="679" y="143"/>
<point x="679" y="391"/>
</points>
</Connector>
<Connector class="oracle.dbtools.crest.swingui.logical.TVRelation" oid="230C4852-9EDD-8886-103D-AAF1DA4DE76A" otype="Relation" vid_source="18A37C87-06DC-5061-6A1D-1CF30BE5F5B0" vid_target="5FBBCCC3-FD74-B8F6-02F7-1E93AF389AB9">
<hideElementsInCurrentOnly>false</hideElementsInCurrentOnly>
<backgroundColor>-16777216</backgroundColor>
<lineWidth>1</lineWidth>
<points>
<point x="276" y="629"/>
<point x="276" y="767"/>
</points>
</Connector>
<Connector class="oracle.dbtools.crest.swingui.logical.TVRelation" oid="27708B5E-A90F-F0ED-A6A9-D61F742B4867" otype="Relation" vid_source="E68CB922-6442-1495-7C68-C622F378895F" vid_target="34888436-54E8-A062-CD81-0239CCEF669D">
<hideElementsInCurrentOnly>false</hideElementsInCurrentOnly>
<backgroundColor>-16777216</backgroundColor>
<lineWidth>1</lineWidth>
<points>
<point x="683" y="501"/>
<point x="683" y="631"/>
</points>
</Connector>
<Connector class="oracle.dbtools.crest.swingui.logical.TVRelation" oid="41237361-D3AB-99F9-14D3-1B5ACAB02AA9" otype="Relation" vid_source="FBD77C23-E80D-D9F6-FE27-267559882BA2" vid_target="172B7131-EFFC-2BAD-4BE5-26071A7716E9">
<hideElementsInCurrentOnly>false</hideElementsInCurrentOnly>
<backgroundColor>-16777216</backgroundColor>
<lineWidth>1</lineWidth>
<points>
<point x="983" y="335"/>
<point x="1070" y="335"/>
</points>
</Connector>
<Connector class="oracle.dbtools.crest.swingui.logical.TVRelation" oid="5CB24191-3F6D-B23F-0FD8-D7990A05C3D1" otype="Relation" vid_source="B10DD914-1C91-7F07-8BE2-0A201A3E108F" vid_target="F078104C-E8EE-5AC5-9FCD-168747717643">
<hideElementsInCurrentOnly>false</hideElementsInCurrentOnly>
<backgroundColor>-16777216</backgroundColor>
<lineWidth>1</lineWidth>
<points>
<point x="389" y="114"/>
<point x="389" y="198"/>
</points>
</Connector>
<Connector class="oracle.dbtools.crest.swingui.logical.TVRelation" oid="6A42488A-D634-BF05-AA07-EF81F2BFFD38" otype="Relation" vid_source="2C524508-626E-D68E-C30C-71AAE0877D8B" vid_target="858D0372-70B2-D93D-436A-B9A3720B3B69">
<hideElementsInCurrentOnly>false</hideElementsInCurrentOnly>
<backgroundColor>-16777216</backgroundColor>
<lineWidth>1</lineWidth>
<points>
<point x="90" y="322"/>
<point x="90" y="265"/>
</points>
</Connector>
<Connector class="oracle.dbtools.crest.swingui.logical.TVRelation" oid="884B36D2-8DF7-41EA-F3F0-A0B9168368E3" otype="Relation" vid_source="B10DD914-1C91-7F07-8BE2-0A201A3E108F" vid_target="18A37C87-06DC-5061-6A1D-1CF30BE5F5B0">
<hideElementsInCurrentOnly>false</hideElementsInCurrentOnly>
<backgroundColor>-16777216</backgroundColor>
<lineWidth>1</lineWidth>
<points>
<point x="341" y="114"/>
<point x="341" y="479"/>
</points>
</Connector>
<Connector class="oracle.dbtools.crest.swingui.logical.TVRelation" oid="8C4C7C60-DC88-AD3F-B208-410EF40D091B" otype="Relation" vid_source="18A37C87-06DC-5061-6A1D-1CF30BE5F5B0" vid_target="D1EBEE79-1A1B-81F7-A0C2-82E9E846213D">
<hideElementsInCurrentOnly>false</hideElementsInCurrentOnly>
<backgroundColor>-16777216</backgroundColor>
<lineWidth>1</lineWidth>
<points>
<point x="405" y="629"/>
<point x="487" y="735"/>
</points>
</Connector>
<Connector class="oracle.dbtools.crest.swingui.logical.TVRelation" oid="8F26464D-2BB5-CA32-F3ED-192D277DC756" otype="Relation" vid_source="FBD77C23-E80D-D9F6-FE27-267559882BA2" vid_target="E68CB922-6442-1495-7C68-C622F378895F">
<hideElementsInCurrentOnly>false</hideElementsInCurrentOnly>
<backgroundColor>-16777216</backgroundColor>
<lineWidth>1</lineWidth>
<points>
<point x="816" y="393"/>
<point x="748" y="393"/>
</points>
</Connector>
<Connector class="oracle.dbtools.crest.swingui.logical.TVRelation" oid="AF1F6FB0-E92D-B610-3F71-36544B7A98B0" otype="Relation" vid_source="18A37C87-06DC-5061-6A1D-1CF30BE5F5B0" vid_target="E68CB922-6442-1495-7C68-C622F378895F">
<hideElementsInCurrentOnly>false</hideElementsInCurrentOnly>
<backgroundColor>-16777216</backgroundColor>
<lineWidth>1</lineWidth>
<points>
<point x="433" y="490"/>
<point x="578" y="490"/>
</points>
</Connector>
<Connector class="oracle.dbtools.crest.swingui.logical.TVRelation" oid="C7EE031F-65F5-632C-48DB-312B4A650B9B" otype="Relation" vid_source="F078104C-E8EE-5AC5-9FCD-168747717643" vid_target="E68CB922-6442-1495-7C68-C622F378895F">
<hideElementsInCurrentOnly>false</hideElementsInCurrentOnly>
<backgroundColor>-16777216</backgroundColor>
<lineWidth>1</lineWidth>
<points>
<point x="527" y="309"/>
<point x="638" y="391"/>
</points>
</Connector>
<Connector class="oracle.dbtools.crest.swingui.logical.TVRelation" oid="D866E2B8-1E58-EB95-2CD6-D27067246D3C" otype="Relation" vid_source="FBD77C23-E80D-D9F6-FE27-267559882BA2" vid_target="3A1AF4B9-2418-0112-C57B-4404E026218C">
<hideElementsInCurrentOnly>false</hideElementsInCurrentOnly>
<backgroundColor>-16777216</backgroundColor>
<lineWidth>1</lineWidth>
<points>
<point x="928" y="396"/>
<point x="928" y="524"/>
</points>
</Connector>
<Connector class="oracle.dbtools.crest.swingui.logical.TVRelation" oid="E35D6BCF-710C-DC4B-A459-ECEDB07A650F" otype="Relation" vid_source="2C524508-626E-D68E-C30C-71AAE0877D8B" vid_target="E68CB922-6442-1495-7C68-C622F378895F">
<hideElementsInCurrentOnly>false</hideElementsInCurrentOnly>
<backgroundColor>-16777216</backgroundColor>
<lineWidth>1</lineWidth>
<points>
<point x="180" y="426"/>
<point x="578" y="426"/>
</points>
</Connector>
<Connector class="oracle.dbtools.crest.swingui.logical.TVRelation" oid="E46C9576-D1A9-E497-8B39-13C2EAAA603B" otype="Relation" vid_source="B10DD914-1C91-7F07-8BE2-0A201A3E108F" vid_target="858D0372-70B2-D93D-436A-B9A3720B3B69">
<hideElementsInCurrentOnly>false</hideElementsInCurrentOnly>
<backgroundColor>-16777216</backgroundColor>
<lineWidth>1</lineWidth>
<points>
<point x="226" y="114"/>
<point x="165" y="155"/>
</points>
</Connector>
<Connector class="oracle.dbtools.crest.swingui.logical.TVRelation" oid="E6D6826D-5B07-FB28-DFB0-0E1D80473FE0" otype="Relation" vid_source="6647BB22-46E0-41C0-7E2F-4420C7C3ADA3" vid_target="B10DD914-1C91-7F07-8BE2-0A201A3E108F">
<hideElementsInCurrentOnly>false</hideElementsInCurrentOnly>
<backgroundColor>-16777216</backgroundColor>
<lineWidth>1</lineWidth>
<points>
<point x="610" y="43"/>
<point x="392" y="43"/>
</points>
</Connector>
<Connector class="oracle.dbtools.crest.swingui.logical.TVRelation" oid="ECFC71BB-D5D5-4729-5FC8-4A04A36ACAC8" otype="Relation" vid_source="18A37C87-06DC-5061-6A1D-1CF30BE5F5B0" vid_target="896BA6C9-13CC-5739-5888-D3D792E6A5BF">
<hideElementsInCurrentOnly>false</hideElementsInCurrentOnly>
<backgroundColor>-16777216</backgroundColor>
<lineWidth>1</lineWidth>
<points>
<point x="261" y="554"/>
<point x="186" y="554"/>
</points>
</Connector>
</connectors>
</Diagram>