<?xml version = '1.0' encoding = 'UTF-8'?>
<Relation class="oracle.dbtools.crest.model.design.logical.Relation" name="listev1" directorySegmentName="seg_0" id="884B36D2-8DF7-41EA-F3F0-A0B9168368E3">
<createdBy>oracle</createdBy>
<createdTime>2021-11-03 18:25:09 UTC</createdTime>
<ownerDesignName>Modele logique</ownerDesignName>
<engineerTo>
<item key="FBC3DD9A-0061-4D13-AA34-7CCDB0DB3C62" value="true"/>
</engineerTo>
<sourcePk>98FBB398-59D7-6985-5AF3-102F91D6FCAF</sourcePk>
<identifying>true</identifying>
<optionalSource>true</optionalSource>
<optionalTarget>false</optionalTarget>
<sourceCardinality>1</sourceCardinality>
<sourceEntity>0C6B631D-1A16-4A61-63DB-75A9F931A3CE</sourceEntity>
<targetCardinalityString>*</targetCardinalityString>
<targetEntity>3966F451-7781-0DB8-1117-CFEC04761810</targetEntity>
<transferable>true</transferable>
<deleteRule>NO ACTION</deleteRule>
</Relation>