<?xml version = '1.0' encoding = 'UTF-8'?>
<Relation class="oracle.dbtools.crest.model.design.logical.Relation" name="transite" directorySegmentName="seg_0" id="AF1F6FB0-E92D-B610-3F71-36544B7A98B0">
<createdBy>oracle</createdBy>
<createdTime>2021-11-01 16:51:22 UTC</createdTime>
<ownerDesignName>Modele logique</ownerDesignName>
<engineerTo>
<item key="FBC3DD9A-0061-4D13-AA34-7CCDB0DB3C62" value="true"/>
</engineerTo>
<identifying>false</identifying>
<optionalSource>true</optionalSource>
<optionalTarget>false</optionalTarget>
<sourceCardinality>*</sourceCardinality>
<sourceEntity>3966F451-7781-0DB8-1117-CFEC04761810</sourceEntity>
<targetCardinalityString>*</targetCardinalityString>
<targetEntity>6C51E09F-1E8A-C5FE-E71E-4493CD59C3B3</targetEntity>
<transferable>true</transferable>
<deleteRule>NO ACTION</deleteRule>
</Relation>