<?xml version = '1.0' encoding = 'UTF-8'?>
<Table class="oracle.dbtools.crest.model.design.relational.Table" directorySegmentName="seg_0" id="14AE7299-69FC-2643-2BF8-90B8361C4AAC" name="coordGps">
<createdBy>oracle</createdBy>
<createdTime>2021-11-03 22:52:09 UTC</createdTime>
<generatorID>BC7262C9-F3DC-E303-C104-A12BD57FE87A</generatorID>
<ownerDesignName>RelationelUPDATED</ownerDesignName>
<allowColumnReorder>false</allowColumnReorder>
<existDependencyGenerateInDDl>true</existDependencyGenerateInDDl>
<parsed>true</parsed>
<columns itemClass="oracle.dbtools.crest.model.design.relational.Column">
<Column name="id" id="0A79F44C-9D5C-224C-4EDA-F369DF1B79BA">
<createdBy>oracle</createdBy>
<createdTime>2021-11-03 22:52:09 UTC</createdTime>
<generatorID>3159F8B3-0311-F39E-DC52-A732E2EFE7FD</generatorID>
<ownerDesignName>RelationelUPDATED</ownerDesignName>
<useDomainConstraints>false</useDomainConstraints>
<use>1</use>
<logicalDatatype>LOGDT011</logicalDatatype>
<ownDataTypeParameters>,,</ownDataTypeParameters>
<autoIncrementCycle>false</autoIncrementCycle>
</Column>
<Column name="coordX" id="A058D6CF-B6AA-47F7-2EE9-EA81D7FF67BD">
<createdBy>oracle</createdBy>
<createdTime>2021-11-03 22:52:09 UTC</createdTime>
<generatorID>60977A06-8C2E-02A0-8DED-972DC87ED311</generatorID>
<ownerDesignName>RelationelUPDATED</ownerDesignName>
<nullsAllowed>true</nullsAllowed>
<useDomainConstraints>false</useDomainConstraints>
<use>1</use>
<logicalDatatype>LOGDT020</logicalDatatype>
<ownDataTypeParameters>,,</ownDataTypeParameters>
<autoIncrementCycle>false</autoIncrementCycle>
</Column>
<Column name="coordY" id="098F0723-33DA-1840-AE9E-1494A39C0B5F">
<createdBy>oracle</createdBy>
<createdTime>2021-11-03 22:52:09 UTC</createdTime>
<generatorID>ACECFCE5-01E2-83B9-726E-05195485CF4E</generatorID>
<ownerDesignName>RelationelUPDATED</ownerDesignName>
<nullsAllowed>true</nullsAllowed>
<useDomainConstraints>false</useDomainConstraints>
<use>1</use>
<logicalDatatype>LOGDT020</logicalDatatype>
<ownDataTypeParameters>,,</ownDataTypeParameters>
<autoIncrementCycle>false</autoIncrementCycle>
</Column>
<Column name="coordZ" id="12D3159E-A89B-7825-9256-20F575CDE6B3">
<createdBy>oracle</createdBy>
<createdTime>2021-11-14 16:49:36 UTC</createdTime>
<generatorID>2C3E6F09-50E9-D7B1-2874-748CE54DAB5B</generatorID>
<ownerDesignName>RelationelUPDATED</ownerDesignName>
<nullsAllowed>true</nullsAllowed>
<useDomainConstraints>false</useDomainConstraints>
<use>1</use>
<logicalDatatype>LOGDT020</logicalDatatype>
<ownDataTypeParameters>,,</ownDataTypeParameters>
<autoIncrementCycle>false</autoIncrementCycle>
</Column>
<Column name="TransColis_id" id="37AA6C44-1563-1241-3D0E-E6C505FD668C">
<createdBy>oracle</createdBy>
<createdTime>2021-11-14 16:49:36 UTC</createdTime>
<generatorID>1454FFC4-F685-A75C-A904-70B144332448</generatorID>
<ownerDesignName>RelationelUPDATED</ownerDesignName>
<useDomainConstraints>false</useDomainConstraints>
<use>1</use>
<logicalDatatype>LOGDT011</logicalDatatype>
<ownDataTypeParameters>,,</ownDataTypeParameters>
<previousColumn>false</previousColumn>
<autoIncrementCycle>false</autoIncrementCycle>
<associations>
<colAssociation fkAssociation="FD60958E-34E8-96D0-0281-6CD0ACF8A7B9" referredColumn="D5B9C6D3-9222-C599-779D-A190D0098723"/>
</associations>
</Column>
<Column name="TransColis_Colis_id" id="468F58CF-6F87-42A0-1063-7C1EAB84BFDA">
<createdBy>oracle</createdBy>
<createdTime>2021-11-14 16:49:36 UTC</createdTime>
<generatorID>0426BC1B-B829-0073-A49A-142CB332DB9E</generatorID>
<ownerDesignName>RelationelUPDATED</ownerDesignName>
<useDomainConstraints>false</useDomainConstraints>
<use>1</use>
<logicalDatatype>LOGDT011</logicalDatatype>
<ownDataTypeParameters>,,</ownDataTypeParameters>
<previousColumn>false</previousColumn>
<autoIncrementCycle>false</autoIncrementCycle>
<associations>
<colAssociation fkAssociation="FD60958E-34E8-96D0-0281-6CD0ACF8A7B9" referredColumn="C8377765-F423-454F-B411-94026C21885A"/>
</associations>
</Column>
</columns>
<indexes itemClass="oracle.dbtools.crest.model.design.relational.Index">
<ind_PK_UK id="88D9C034-9536-EB83-A94C-F060C6AA8E79" name="coordGps_PK">
<createdBy>oracle</createdBy>
<createdTime>2021-11-03 22:52:09 UTC</createdTime>
<generatorID>E5CC6F00-F96B-6CD5-456B-9084E5AAFF9C</generatorID>
<ownerDesignName>RelationelUPDATED</ownerDesignName>
<pk>true</pk>
<indexState>Primary Constraint</indexState>
<isSurrogateKey>false</isSurrogateKey>
<indexColumnUsage>
<colUsage columnID="0A79F44C-9D5C-224C-4EDA-F369DF1B79BA"/>
</indexColumnUsage>
</ind_PK_UK>
<ind_PK_UK id="2E1E6991-E190-3A39-E35D-7590DD0BE3F2" name="coordGps_TransColis_FK">
<createdBy>oracle</createdBy>
<createdTime>2021-11-14 16:49:36 UTC</createdTime>
<generatorID>DABFD0BC-0006-DBD7-5642-4F5DD32479B8</generatorID>
<ownerDesignName>RelationelUPDATED</ownerDesignName>
<indexState>Foreign Key</indexState>
<isSurrogateKey>false</isSurrogateKey>
<indexColumnUsage>
<colUsage columnID="37AA6C44-1563-1241-3D0E-E6C505FD668C"/>
<colUsage columnID="468F58CF-6F87-42A0-1063-7C1EAB84BFDA"/>
</indexColumnUsage>
</ind_PK_UK>
</indexes>
</Table>