<?xml version = '1.0' encoding = 'UTF-8'?>
<Table class="oracle.dbtools.crest.model.design.relational.Table" directorySegmentName="seg_0" id="2CA4D859-4694-0ECF-1A25-76B7C3B6D99E" name="Departement">
<createdBy>oracle</createdBy>
<createdTime>2021-11-01 17:00:15 UTC</createdTime>
<generatorID>8136C48F-67FE-D1C0-A2EA-435D30FF3BA2</generatorID>
<ownerDesignName>RelationelUPDATED</ownerDesignName>
<allowColumnReorder>false</allowColumnReorder>
<existDependencyGenerateInDDl>true</existDependencyGenerateInDDl>
<parsed>true</parsed>
<columns itemClass="oracle.dbtools.crest.model.design.relational.Column">
<Column name="id" id="966FCDF4-4F22-5E42-68F6-51B4C4D7DA51">
<createdBy>oracle</createdBy>
<createdTime>2021-11-01 17:00:15 UTC</createdTime>
<generatorID>7E282070-A571-8DA2-B66F-32CF4EAF3AA9</generatorID>
<ownerDesignName>RelationelUPDATED</ownerDesignName>
<useDomainConstraints>false</useDomainConstraints>
<use>1</use>
<logicalDatatype>LOGDT011</logicalDatatype>
<ownDataTypeParameters>,,</ownDataTypeParameters>
<autoIncrementCycle>false</autoIncrementCycle>
</Column>
<Column name="numero" id="A3729A39-7C62-BC55-CFA5-4A450C3722E6">
<createdBy>oracle</createdBy>
<createdTime>2021-11-01 17:00:15 UTC</createdTime>
<generatorID>E31B5F09-3A67-E851-8DBB-7B1BD70DC9CA</generatorID>
<ownerDesignName>RelationelUPDATED</ownerDesignName>
<nullsAllowed>true</nullsAllowed>
<useDomainConstraints>false</useDomainConstraints>
<use>1</use>
<logicalDatatype>LOGDT011</logicalDatatype>
<ownDataTypeParameters>,,</ownDataTypeParameters>
<autoIncrementCycle>false</autoIncrementCycle>
</Column>
</columns>
<indexes itemClass="oracle.dbtools.crest.model.design.relational.Index">
<ind_PK_UK id="6BEF101C-2F42-629F-2741-9D4B89B3A9F3" name="Departement_PK">
<createdBy>oracle</createdBy>
<createdTime>2021-11-01 17:00:15 UTC</createdTime>
<generatorID>0700F14B-424E-DC11-9E21-D13E90E81916</generatorID>
<ownerDesignName>RelationelUPDATED</ownerDesignName>
<pk>true</pk>
<indexState>Primary Constraint</indexState>
<isSurrogateKey>false</isSurrogateKey>
<indexColumnUsage>
<colUsage columnID="966FCDF4-4F22-5E42-68F6-51B4C4D7DA51"/>
</indexColumnUsage>
</ind_PK_UK>
</indexes>
</Table>