<?xml version = '1.0' encoding = 'UTF-8'?>
<Table class="oracle.dbtools.crest.model.design.relational.Table" directorySegmentName="seg_0" id="6D8AD7A2-8B99-BB7E-1236-4A93CFD85402" name="Client">
<createdBy>oracle</createdBy>
<createdTime>2021-11-01 17:00:15 UTC</createdTime>
<generatorID>2B3523D2-0D66-8013-06B1-0245416B5688</generatorID>
<ownerDesignName>RelationelUPDATED</ownerDesignName>
<allowColumnReorder>false</allowColumnReorder>
<existDependencyGenerateInDDl>true</existDependencyGenerateInDDl>
<parsed>true</parsed>
<columns itemClass="oracle.dbtools.crest.model.design.relational.Column">
<Column name="id" id="52BDC321-1A0D-CC6F-0D59-03EC382F26A2">
<createdBy>oracle</createdBy>
<createdTime>2021-11-01 17:00:15 UTC</createdTime>
<generatorID>EF52405B-095C-61A9-500D-C5DC2D61E5D1</generatorID>
<ownerDesignName>RelationelUPDATED</ownerDesignName>
<useDomainConstraints>false</useDomainConstraints>
<use>1</use>
<logicalDatatype>LOGDT011</logicalDatatype>
<ownDataTypeParameters>,,</ownDataTypeParameters>
<autoIncrementCycle>false</autoIncrementCycle>
</Column>
<Column name="nom" id="177B1A03-2FF0-39B9-1CFC-7F32D6DC08AE">
<createdBy>oracle</createdBy>
<createdTime>2021-11-01 17:00:15 UTC</createdTime>
<generatorID>004531C4-E960-28DE-E967-46161E4C5E0A</generatorID>
<ownerDesignName>RelationelUPDATED</ownerDesignName>
<nullsAllowed>true</nullsAllowed>
<useDomainConstraints>false</useDomainConstraints>
<use>1</use>
<logicalDatatype>LOGDT025</logicalDatatype>
<dataTypeSize>50</dataTypeSize>
<ownDataTypeParameters>50,,</ownDataTypeParameters>
<autoIncrementCycle>false</autoIncrementCycle>
</Column>
</columns>
<indexes itemClass="oracle.dbtools.crest.model.design.relational.Index">
<ind_PK_UK id="52DAD4A0-3602-342A-89B3-8C98F442FAE7" name="Client_PK">
<createdBy>oracle</createdBy>
<createdTime>2021-11-01 17:00:15 UTC</createdTime>
<generatorID>F12CD233-AAA6-5938-26BC-6897C0539AD4</generatorID>
<ownerDesignName>RelationelUPDATED</ownerDesignName>
<pk>true</pk>
<indexState>Primary Constraint</indexState>
<isSurrogateKey>false</isSurrogateKey>
<indexColumnUsage>
<colUsage columnID="52BDC321-1A0D-CC6F-0D59-03EC382F26A2"/>
</indexColumnUsage>
</ind_PK_UK>
</indexes>
</Table>