<?xml version = '1.0' encoding = 'UTF-8'?>
<Entity class="oracle.dbtools.crest.model.design.logical.Entity" directorySegmentName="seg_0" id="6C51E09F-1E8A-C5FE-E71E-4493CD59C3B3" name="TransColis">
<createdBy>oracle</createdBy>
<createdTime>2021-11-01 14:25:26 UTC</createdTime>
<ownerDesignName>Modele logique</ownerDesignName>
<engineerTo>
<item key="FBC3DD9A-0061-4D13-AA34-7CCDB0DB3C62" value="true"/>
</engineerTo>
<adequatelyNormalized>NO</adequatelyNormalized>
<expectedVolumes>0</expectedVolumes>
<fwdEngineeringStrategyName>Single Table</fwdEngineeringStrategyName>
<growthPercent>0</growthPercent>
<growthType>Year</growthType>
<maxVolumes>9999999</maxVolumes>
<minVolumes>0</minVolumes>
<normalForm>Third</normalForm>
<attributes itemClass="oracle.dbtools.crest.model.design.logical.Attribute">
<Attribute name="id" id="076C84B2-281C-616F-9617-9110074BA97C">
<createdBy>oracle</createdBy>
<createdTime>2021-11-01 14:47:33 UTC</createdTime>
<ownerDesignName>Modele logique</ownerDesignName>
<engineerTo>
<item key="FBC3DD9A-0061-4D13-AA34-7CCDB0DB3C62" value="true"/>
</engineerTo>
<useDomainConstraints>false</useDomainConstraints>
<use>1</use>
<logicalDatatype>LOGDT011</logicalDatatype>
<ownDataTypeParameters>,,</ownDataTypeParameters>
</Attribute>
<Attribute name="id1" id="529580B4-06AB-6BC4-600A-F945796CA82F">
<createdBy>oracle</createdBy>
<createdTime>2021-11-03 17:20:07 UTC</createdTime>
<generatorID>8F26464D-2BB5-CA32-F3ED-192D277DC756</generatorID>
<ownerDesignName>Modele logique</ownerDesignName>
<engineerTo>
<item key="FBC3DD9A-0061-4D13-AA34-7CCDB0DB3C62" value="true"/>
</engineerTo>
<referedAttribute>4D21CC61-E5B2-6F0C-AE3F-5981B2C97E90</referedAttribute>
<useDomainConstraints>false</useDomainConstraints>
<use>1</use>
<logicalDatatype>LOGDT011</logicalDatatype>
<ownDataTypeParameters>,,</ownDataTypeParameters>
</Attribute>
<Attribute name="id2" id="E68A915F-1B2D-8248-C062-DAC270001111">
<createdBy>oracle</createdBy>
<createdTime>2021-11-03 17:21:29 UTC</createdTime>
<generatorID>E35D6BCF-710C-DC4B-A459-ECEDB07A650F</generatorID>
<ownerDesignName>Modele logique</ownerDesignName>
<engineerTo>
<item key="FBC3DD9A-0061-4D13-AA34-7CCDB0DB3C62" value="true"/>
</engineerTo>
<referedAttribute>EF52405B-095C-61A9-500D-C5DC2D61E5D1</referedAttribute>
<useDomainConstraints>false</useDomainConstraints>
<use>1</use>
<logicalDatatype>LOGDT011</logicalDatatype>
<ownDataTypeParameters>,,</ownDataTypeParameters>
</Attribute>
<Attribute name="estLivre" id="BF998D49-127C-23D1-DF37-EBCF28073E98">
<createdBy>oracle</createdBy>
<createdTime>2021-11-03 21:16:20 UTC</createdTime>
<ownerDesignName>Modele logique</ownerDesignName>
<engineerTo>
<item key="FBC3DD9A-0061-4D13-AA34-7CCDB0DB3C62" value="true"/>
</engineerTo>
<nullsAllowed>true</nullsAllowed>
<useDomainConstraints>false</useDomainConstraints>
<use>1</use>
<logicalDatatype>LOGDT006</logicalDatatype>
<dataTypeSize>1</dataTypeSize>
<ownDataTypeParameters>1,,</ownDataTypeParameters>
</Attribute>
<Attribute name="date" id="DB7662ED-6C52-46F3-D07E-A780DE4A818B">
<createdBy>oracle</createdBy>
<createdTime>2021-11-03 21:58:57 UTC</createdTime>
<ownerDesignName>Modele logique</ownerDesignName>
<engineerTo>
<item key="FBC3DD9A-0061-4D13-AA34-7CCDB0DB3C62" value="true"/>
</engineerTo>
<nullsAllowed>true</nullsAllowed>
<useDomainConstraints>false</useDomainConstraints>
<use>1</use>
<logicalDatatype>LOGDT007</logicalDatatype>
<ownDataTypeParameters>,,</ownDataTypeParameters>
</Attribute>
<Attribute name="estRecupere" id="256511F0-7D68-937A-119C-A929194331A8">
<createdBy>oracle</createdBy>
<createdTime>2021-11-03 21:59:37 UTC</createdTime>
<ownerDesignName>Modele logique</ownerDesignName>
<engineerTo>
<item key="FBC3DD9A-0061-4D13-AA34-7CCDB0DB3C62" value="true"/>
</engineerTo>
<nullsAllowed>true</nullsAllowed>
<useDomainConstraints>false</useDomainConstraints>
<use>1</use>
<logicalDatatype>LOGDT006</logicalDatatype>
<dataTypeSize>1</dataTypeSize>
<ownDataTypeParameters>1,,</ownDataTypeParameters>
</Attribute>
<Attribute name="isCurrent" id="2D4FB568-4A08-28F4-B3AF-5B3088C375A8">
<createdBy>oracle</createdBy>
<createdTime>2021-11-03 22:00:01 UTC</createdTime>
<ownerDesignName>Modele logique</ownerDesignName>
<engineerTo>
<item key="FBC3DD9A-0061-4D13-AA34-7CCDB0DB3C62" value="true"/>
</engineerTo>
<nullsAllowed>true</nullsAllowed>
<useDomainConstraints>false</useDomainConstraints>
<use>1</use>
<logicalDatatype>LOGDT006</logicalDatatype>
<dataTypeSize>1</dataTypeSize>
<ownDataTypeParameters>1,,</ownDataTypeParameters>
</Attribute>
<Attribute name="id3" id="89DB434D-9CBD-6F02-B161-3EB6D58E3739">
<createdBy>oracle</createdBy>
<createdTime>2021-11-03 22:01:26 UTC</createdTime>
<generatorID>C7EE031F-65F5-632C-48DB-312B4A650B9B</generatorID>
<ownerDesignName>Modele logique</ownerDesignName>
<engineerTo>
<item key="FBC3DD9A-0061-4D13-AA34-7CCDB0DB3C62" value="true"/>
</engineerTo>
<referedAttribute>95C8B745-98E7-D81E-0D9C-076C4A227E1B</referedAttribute>
<useDomainConstraints>false</useDomainConstraints>
<use>1</use>
<logicalDatatype>LOGDT011</logicalDatatype>
<ownDataTypeParameters>,,</ownDataTypeParameters>
</Attribute>
<Attribute name="id11" id="77248F68-A1E4-A8DF-DF4C-9EE1D7365581">
<createdBy>oracle</createdBy>
<createdTime>2021-11-03 22:01:26 UTC</createdTime>
<generatorID>C7EE031F-65F5-632C-48DB-312B4A650B9B</generatorID>
<ownerDesignName>Modele logique</ownerDesignName>
<engineerTo>
<item key="FBC3DD9A-0061-4D13-AA34-7CCDB0DB3C62" value="true"/>
</engineerTo>
<referedAttribute>78217958-8FCC-56C6-6EE8-B67533AFF19A</referedAttribute>
<useDomainConstraints>false</useDomainConstraints>
<use>1</use>
<logicalDatatype>LOGDT011</logicalDatatype>
<ownDataTypeParameters>,,</ownDataTypeParameters>
</Attribute>
</attributes>
<identifiers itemClass="oracle.dbtools.crest.model.design.logical.CandidateKey">
<identifier id="5BA2F6B1-86ED-B85C-A066-A770AE107785" name="TransColis PK">
<createdBy>oracle</createdBy>
<createdTime>2021-11-01 14:47:51 UTC</createdTime>
<ownerDesignName>Modele logique</ownerDesignName>
<shouldEngineer>false</shouldEngineer>
<engineerTo>
<item key="FBC3DD9A-0061-4D13-AA34-7CCDB0DB3C62" value="false"/>
</engineerTo>
<pk>true</pk>
</identifier>
</identifiers>
</Entity>