<?xml version = '1.0' encoding = 'UTF-8'?>
<Entity class="oracle.dbtools.crest.model.design.logical.Entity" directorySegmentName="seg_0" id="BC7262C9-F3DC-E303-C104-A12BD57FE87A" name="coordGps">
<createdBy>oracle</createdBy>
<createdTime>2021-11-03 22:49:57 UTC</createdTime>
<ownerDesignName>Modele logique</ownerDesignName>
<engineerTo>
<item key="FBC3DD9A-0061-4D13-AA34-7CCDB0DB3C62" value="true"/>
</engineerTo>
<adequatelyNormalized>NO</adequatelyNormalized>
<expectedVolumes>0</expectedVolumes>
<fwdEngineeringStrategyName>Single Table</fwdEngineeringStrategyName>
<growthPercent>0</growthPercent>
<growthType>Year</growthType>
<maxVolumes>9999999</maxVolumes>
<minVolumes>0</minVolumes>
<normalForm>Third</normalForm>
<attributes itemClass="oracle.dbtools.crest.model.design.logical.Attribute">
<Attribute name="id" id="3159F8B3-0311-F39E-DC52-A732E2EFE7FD">
<createdBy>oracle</createdBy>
<createdTime>2021-11-03 22:50:08 UTC</createdTime>
<ownerDesignName>Modele logique</ownerDesignName>
<engineerTo>
<item key="FBC3DD9A-0061-4D13-AA34-7CCDB0DB3C62" value="true"/>
</engineerTo>
<useDomainConstraints>false</useDomainConstraints>
<use>1</use>
<logicalDatatype>LOGDT011</logicalDatatype>
<ownDataTypeParameters>,,</ownDataTypeParameters>
</Attribute>
<Attribute name="coordX" id="60977A06-8C2E-02A0-8DED-972DC87ED311">
<createdBy>oracle</createdBy>
<createdTime>2021-11-03 22:50:18 UTC</createdTime>
<ownerDesignName>Modele logique</ownerDesignName>
<engineerTo>
<item key="FBC3DD9A-0061-4D13-AA34-7CCDB0DB3C62" value="true"/>
</engineerTo>
<nullsAllowed>true</nullsAllowed>
<useDomainConstraints>false</useDomainConstraints>
<use>1</use>
<logicalDatatype>LOGDT020</logicalDatatype>
<ownDataTypeParameters>,,</ownDataTypeParameters>
</Attribute>
<Attribute name="coordY" id="ACECFCE5-01E2-83B9-726E-05195485CF4E">
<createdBy>oracle</createdBy>
<createdTime>2021-11-03 22:50:19 UTC</createdTime>
<ownerDesignName>Modele logique</ownerDesignName>
<engineerTo>
<item key="FBC3DD9A-0061-4D13-AA34-7CCDB0DB3C62" value="true"/>
</engineerTo>
<nullsAllowed>true</nullsAllowed>
<useDomainConstraints>false</useDomainConstraints>
<use>1</use>
<logicalDatatype>LOGDT020</logicalDatatype>
<ownDataTypeParameters>,,</ownDataTypeParameters>
</Attribute>
<Attribute name="coordZ" id="2C3E6F09-50E9-D7B1-2874-748CE54DAB5B">
<createdBy>oracle</createdBy>
<createdTime>2021-11-03 22:50:19 UTC</createdTime>
<ownerDesignName>Modele logique</ownerDesignName>
<engineerTo>
<item key="FBC3DD9A-0061-4D13-AA34-7CCDB0DB3C62" value="true"/>
</engineerTo>
<nullsAllowed>true</nullsAllowed>
<useDomainConstraints>false</useDomainConstraints>
<use>1</use>
<logicalDatatype>LOGDT020</logicalDatatype>
<ownDataTypeParameters>,,</ownDataTypeParameters>
</Attribute>
<Attribute name="id1" id="10C0DB0E-BAFD-1A44-5621-F1F8EE4B0384">
<createdBy>oracle</createdBy>
<createdTime>2021-11-03 22:51:26 UTC</createdTime>
<generatorID>27708B5E-A90F-F0ED-A6A9-D61F742B4867</generatorID>
<ownerDesignName>Modele logique</ownerDesignName>
<engineerTo>
<item key="FBC3DD9A-0061-4D13-AA34-7CCDB0DB3C62" value="true"/>
</engineerTo>
<referedAttribute>076C84B2-281C-616F-9617-9110074BA97C</referedAttribute>
<useDomainConstraints>false</useDomainConstraints>
<use>1</use>
<logicalDatatype>LOGDT011</logicalDatatype>
<ownDataTypeParameters>,,</ownDataTypeParameters>
</Attribute>
<Attribute name="id3" id="AD1C3A1A-4862-571C-5DE5-2A2C5BBA0FB5">
<createdBy>oracle</createdBy>
<createdTime>2021-11-03 22:51:26 UTC</createdTime>
<generatorID>27708B5E-A90F-F0ED-A6A9-D61F742B4867</generatorID>
<ownerDesignName>Modele logique</ownerDesignName>
<engineerTo>
<item key="FBC3DD9A-0061-4D13-AA34-7CCDB0DB3C62" value="true"/>
</engineerTo>
<referedAttribute>89DB434D-9CBD-6F02-B161-3EB6D58E3739</referedAttribute>
<useDomainConstraints>false</useDomainConstraints>
<use>1</use>
<logicalDatatype>LOGDT011</logicalDatatype>
<ownDataTypeParameters>,,</ownDataTypeParameters>
</Attribute>
<Attribute name="id11" id="1D059291-0F94-C366-5AAC-8E81AC9C5558">
<createdBy>oracle</createdBy>
<createdTime>2021-11-03 22:51:26 UTC</createdTime>
<generatorID>27708B5E-A90F-F0ED-A6A9-D61F742B4867</generatorID>
<ownerDesignName>Modele logique</ownerDesignName>
<engineerTo>
<item key="FBC3DD9A-0061-4D13-AA34-7CCDB0DB3C62" value="true"/>
</engineerTo>
<referedAttribute>77248F68-A1E4-A8DF-DF4C-9EE1D7365581</referedAttribute>
<useDomainConstraints>false</useDomainConstraints>
<use>1</use>
<logicalDatatype>LOGDT011</logicalDatatype>
<ownDataTypeParameters>,,</ownDataTypeParameters>
</Attribute>
</attributes>
<identifiers itemClass="oracle.dbtools.crest.model.design.logical.CandidateKey">
<identifier id="E5CC6F00-F96B-6CD5-456B-9084E5AAFF9C" name="coordGps PK">
<createdBy>oracle</createdBy>
<createdTime>2021-11-03 22:50:16 UTC</createdTime>
<ownerDesignName>Modele logique</ownerDesignName>
<engineerTo>
<item key="FBC3DD9A-0061-4D13-AA34-7CCDB0DB3C62" value="true"/>
</engineerTo>
<pk>true</pk>
</identifier>
</identifiers>
</Entity>