<?xml version = '1.0' encoding = 'UTF-8'?>
<FKIndexAssociation class="oracle.dbtools.crest.model.design.relational.FKIndexAssociation" directorySegmentName="seg_0" id="428572F0-2170-394A-58DA-34B46642DA6B" containerWithKeyObject="1AAA879B-EF66-6D2C-B903-EB8939AF6243" localFKIndex="BCDF5FD5-3101-7CC3-5F22-7B75DCA11192" name="Relation_18_Magasin_FK">
<createdBy>oracle</createdBy>
<createdTime>2021-11-01 17:00:16 UTC</createdTime>
<generatorID>AF1F6FB0-E92D-B610-3F71-36544B7A98B0</generatorID>
<ownerDesignName>GenerationPasMal</ownerDesignName>
<referredTableLongName>Magasin</referredTableLongName>
<deleteRule>NO ACTION</deleteRule>
<referredTableID>BB77D298-7800-D288-2D6F-2A9D113ADD19</referredTableID>
<keyObject>DBB1F6ED-F75E-4BB2-E428-23EF2F276129</keyObject>
<referredKeyID>DBB1F6ED-F75E-4BB2-E428-23EF2F276129</referredKeyID>
<mandatory>true</mandatory>
<refColNames>id</refColNames>
<transferable>true</transferable>
<rely>false</rely>
<columnDependencyConstraintGenerateInDDL>true</columnDependencyConstraintGenerateInDDL>
</FKIndexAssociation>