<?xml version = '1.0' encoding = 'UTF-8'?>
<FKIndexAssociation class="oracle.dbtools.crest.model.design.relational.FKIndexAssociation" directorySegmentName="seg_0" id="6DD2CCEC-0DC2-1319-67E6-08C3E16CE143" containerWithKeyObject="53B3A5C4-AB49-D5A1-6B5B-A95A86C18AE4" localFKIndex="4185BEBE-13DF-F9CA-F5A4-A2CC1AA13A03" name="Relation_24_livreur_FK">
<createdBy>oracle</createdBy>
<createdTime>2021-11-01 17:00:16 UTC</createdTime>
<generatorID>074E237F-B10B-66B9-1242-3A232C651598</generatorID>
<ownerDesignName>GenerationPasMal</ownerDesignName>
<referredTableLongName>livreur</referredTableLongName>
<deleteRule>NO ACTION</deleteRule>
<referredTableID>E588202D-F0BB-0D06-1BAF-4EEFDDDA123C</referredTableID>
<keyObject>AC00FA47-6284-4242-0F46-7A89C1F58FDC</keyObject>
<referredKeyID>AC00FA47-6284-4242-0F46-7A89C1F58FDC</referredKeyID>
<mandatory>true</mandatory>
<refColNames>id</refColNames>
<transferable>true</transferable>
<rely>false</rely>
<columnDependencyConstraintGenerateInDDL>true</columnDependencyConstraintGenerateInDDL>
</FKIndexAssociation>