<?xml version = '1.0' encoding = 'UTF-8'?>
<Relation class="oracle.dbtools.crest.model.design.logical.Relation" name="Posséder" directorySegmentName="seg_0" id="6A42488A-D634-BF05-AA07-EF81F2BFFD38">
<createdBy>oracle</createdBy>
<createdTime>2021-11-01 16:49:27 UTC</createdTime>
<ownerDesignName>GenerationPasMal</ownerDesignName>
<engineerTo>
<item key="FBC3DD9A-0061-4D13-AA34-7CCDB0DB3C62" value="true"/>
</engineerTo>
<sourcePk>F12CD233-AAA6-5938-26BC-6897C0539AD4</sourcePk>
<identifying>false</identifying>
<optionalSource>true</optionalSource>
<optionalTarget>false</optionalTarget>
<sourceCardinality>1</sourceCardinality>
<sourceEntity>2B3523D2-0D66-8013-06B1-0245416B5688</sourceEntity>
<targetCardinalityString>1</targetCardinalityString>
<targetEntity>B8652ADC-99A7-F91B-E0AF-21211B266C7F</targetEntity>
<transferable>true</transferable>
<deleteRule>NO ACTION</deleteRule>
</Relation>