<?xml version = '1.0' encoding = 'UTF-8'?>
<Table class="oracle.dbtools.crest.model.design.relational.Table" directorySegmentName="seg_0" id="817F3AD7-E6AB-2422-7A6C-301D1471DB9D" name="Horaires">
<createdBy>oracle</createdBy>
<createdTime>2021-11-01 17:00:15 UTC</createdTime>
<generatorID>84C5B804-DDA8-BDF9-67DE-893C2C407223</generatorID>
<ownerDesignName>GenerationPasMal</ownerDesignName>
<allowColumnReorder>false</allowColumnReorder>
<existDependencyGenerateInDDl>true</existDependencyGenerateInDDl>
<parsed>true</parsed>
<columns itemClass="oracle.dbtools.crest.model.design.relational.Column">
<Column name="id" id="AF821C53-24AE-F1D1-23F9-CBAB1A13B174">
<createdBy>oracle</createdBy>
<createdTime>2021-11-01 17:00:15 UTC</createdTime>
<generatorID>B9DC1C20-1AE3-12A0-4138-47EEBC3877E3</generatorID>
<ownerDesignName>GenerationPasMal</ownerDesignName>
<useDomainConstraints>false</useDomainConstraints>
<use>1</use>
<logicalDatatype>LOGDT011</logicalDatatype>
<ownDataTypeParameters>,,</ownDataTypeParameters>
<autoIncrementCycle>false</autoIncrementCycle>
</Column>
<Column name="heureDebut" id="18B32E27-8520-E26C-7002-61D70016EC68">
<createdBy>oracle</createdBy>
<createdTime>2021-11-01 17:00:15 UTC</createdTime>
<generatorID>68A9CD37-E627-C059-3CD5-4728E7775238</generatorID>
<ownerDesignName>GenerationPasMal</ownerDesignName>
<nullsAllowed>true</nullsAllowed>
<useDomainConstraints>false</useDomainConstraints>
<use>1</use>
<logicalDatatype>LOGDT014</logicalDatatype>
<ownDataTypeParameters>,,</ownDataTypeParameters>
<autoIncrementCycle>false</autoIncrementCycle>
</Column>
<Column name="heureFin" id="F32907BA-24B1-14F2-B3C9-EE1E8F601F64">
<createdBy>oracle</createdBy>
<createdTime>2021-11-01 17:00:15 UTC</createdTime>
<generatorID>E87B6F7E-A947-B8C4-A3F3-1A8003FE0D09</generatorID>
<ownerDesignName>GenerationPasMal</ownerDesignName>
<nullsAllowed>true</nullsAllowed>
<useDomainConstraints>false</useDomainConstraints>
<use>1</use>
<logicalDatatype>LOGDT014</logicalDatatype>
<ownDataTypeParameters>,,</ownDataTypeParameters>
<autoIncrementCycle>false</autoIncrementCycle>
</Column>
<Column name="dateDebut" id="828323ED-C9D5-0A1F-AD0A-9A469F61257D">
<createdBy>oracle</createdBy>
<createdTime>2021-11-01 17:00:15 UTC</createdTime>
<generatorID>EC0D493B-3DE3-9AF3-828D-8EB2B1B4223E</generatorID>
<ownerDesignName>GenerationPasMal</ownerDesignName>
<nullsAllowed>true</nullsAllowed>
<useDomainConstraints>false</useDomainConstraints>
<use>1</use>
<logicalDatatype>LOGDT007</logicalDatatype>
<ownDataTypeParameters>,,</ownDataTypeParameters>
<autoIncrementCycle>false</autoIncrementCycle>
</Column>
<Column name="dateFin" id="91F9A5D5-2FC5-3B30-D058-0CF9799EA3BB">
<createdBy>oracle</createdBy>
<createdTime>2021-11-01 17:00:15 UTC</createdTime>
<generatorID>9C484398-466D-C7CA-962F-E55DA75311B4</generatorID>
<ownerDesignName>GenerationPasMal</ownerDesignName>
<nullsAllowed>true</nullsAllowed>
<useDomainConstraints>false</useDomainConstraints>
<use>1</use>
<logicalDatatype>LOGDT007</logicalDatatype>
<ownDataTypeParameters>,,</ownDataTypeParameters>
<autoIncrementCycle>false</autoIncrementCycle>
</Column>
<Column name="Magasin_id" id="C2105CD9-9639-B67A-C2E5-391E6D32182B">
<createdBy>oracle</createdBy>
<createdTime>2021-11-01 17:00:15 UTC</createdTime>
<generatorID>8AC02C9E-3470-EDD9-A863-E56142944FB3</generatorID>
<ownerDesignName>GenerationPasMal</ownerDesignName>
<useDomainConstraints>false</useDomainConstraints>
<use>1</use>
<logicalDatatype>LOGDT011</logicalDatatype>
<ownDataTypeParameters>,,</ownDataTypeParameters>
<previousColumn>false</previousColumn>
<autoIncrementCycle>false</autoIncrementCycle>
<associations>
<colAssociation fkAssociation="B05815C2-9C8E-0314-EDCF-82B2DF1E1CB6" referredColumn="81740D92-E622-DAFB-5868-D516575EB0B1"/>
</associations>
</Column>
<Column name="enCours" id="728FF192-B23C-C107-6D5C-1BACE2D26595">
<createdBy>oracle</createdBy>
<createdTime>2021-11-03 18:01:53 UTC</createdTime>
<generatorID>A37E4331-A778-C182-742E-9165D2DF4160</generatorID>
<ownerDesignName>GenerationPasMal</ownerDesignName>
<nullsAllowed>true</nullsAllowed>
<useDomainConstraints>false</useDomainConstraints>
<use>1</use>
<logicalDatatype>LOGDT006</logicalDatatype>
<dataTypeSize>1</dataTypeSize>
<ownDataTypeParameters>1,,</ownDataTypeParameters>
<autoIncrementCycle>false</autoIncrementCycle>
</Column>
</columns>
<indexes itemClass="oracle.dbtools.crest.model.design.relational.Index">
<ind_PK_UK id="A9142AD7-C916-8995-7B91-FBC81116736A" name="Horaires_PK">
<createdBy>oracle</createdBy>
<createdTime>2021-11-01 17:00:15 UTC</createdTime>
<generatorID>B0371BEE-24FD-8EB0-1E85-1D6917C6C113</generatorID>
<ownerDesignName>GenerationPasMal</ownerDesignName>
<pk>true</pk>
<indexState>Primary Constraint</indexState>
<isSurrogateKey>false</isSurrogateKey>
<indexColumnUsage>
<colUsage columnID="AF821C53-24AE-F1D1-23F9-CBAB1A13B174"/>
</indexColumnUsage>
</ind_PK_UK>
<ind_PK_UK id="7A593F51-A4EB-4532-20F7-126EAECDEF3E" name="Horaires_Magasin_FK">
<createdBy>oracle</createdBy>
<createdTime>2021-11-01 17:00:16 UTC</createdTime>
<generatorID>8C4C7C60-DC88-AD3F-B208-410EF40D091B</generatorID>
<ownerDesignName>GenerationPasMal</ownerDesignName>
<indexState>Foreign Key</indexState>
<isSurrogateKey>false</isSurrogateKey>
<indexColumnUsage>
<colUsage columnID="C2105CD9-9639-B67A-C2E5-391E6D32182B"/>
</indexColumnUsage>
</ind_PK_UK>
</indexes>
</Table>