<?xml version = '1.0' encoding = 'UTF-8'?>
<Table class="oracle.dbtools.crest.model.design.relational.Table" directorySegmentName="seg_0" id="E588202D-F0BB-0D06-1BAF-4EEFDDDA123C" name="livreur">
<createdBy>oracle</createdBy>
<createdTime>2021-11-01 17:00:15 UTC</createdTime>
<generatorID>BFF649BA-D4D7-3667-302F-C5CF519EE4E6</generatorID>
<ownerDesignName>GenerationPasMal</ownerDesignName>
<allowColumnReorder>false</allowColumnReorder>
<existDependencyGenerateInDDl>true</existDependencyGenerateInDDl>
<parsed>true</parsed>
<columns itemClass="oracle.dbtools.crest.model.design.relational.Column">
<Column name="id" id="E0BB0423-DAEE-E28D-525E-ECB7992A470A">
<createdBy>oracle</createdBy>
<createdTime>2021-11-01 17:00:15 UTC</createdTime>
<generatorID>9E442619-3172-F3E3-6107-EF4ABE2A6769</generatorID>
<ownerDesignName>GenerationPasMal</ownerDesignName>
<useDomainConstraints>false</useDomainConstraints>
<use>1</use>
<logicalDatatype>LOGDT011</logicalDatatype>
<ownDataTypeParameters>,,</ownDataTypeParameters>
<autoIncrementCycle>false</autoIncrementCycle>
</Column>
</columns>
<indexes itemClass="oracle.dbtools.crest.model.design.relational.Index">
<ind_PK_UK id="AC00FA47-6284-4242-0F46-7A89C1F58FDC" name="livreur_PK">
<createdBy>oracle</createdBy>
<createdTime>2021-11-01 17:00:15 UTC</createdTime>
<generatorID>E2785940-3DA3-3F94-209E-49A95D7BDD62</generatorID>
<ownerDesignName>GenerationPasMal</ownerDesignName>
<pk>true</pk>
<indexState>Primary Constraint</indexState>
<isSurrogateKey>false</isSurrogateKey>
<indexColumnUsage>
<colUsage columnID="E0BB0423-DAEE-E28D-525E-ECB7992A470A"/>
</indexColumnUsage>
</ind_PK_UK>
</indexes>
</Table>