<?xml version = '1.0' encoding = 'UTF-8'?>
<Table class="oracle.dbtools.crest.model.design.relational.Table" directorySegmentName="seg_0" id="49ACE21A-B4CB-CF2C-C107-06071AFDFD92" name="SiteEcommerce">
<createdBy>oracle</createdBy>
<createdTime>2021-11-01 17:00:15 UTC</createdTime>
<generatorID>454416EE-9641-F433-09AE-E5A48F52DBFE</generatorID>
<ownerDesignName>LogiqueUPDATED</ownerDesignName>
<allowColumnReorder>false</allowColumnReorder>
<existDependencyGenerateInDDl>true</existDependencyGenerateInDDl>
<parsed>true</parsed>
<columns itemClass="oracle.dbtools.crest.model.design.relational.Column">
<Column name="id" id="7902D4D5-E86D-609F-CD25-905BAF7B95EE">
<createdBy>oracle</createdBy>
<createdTime>2021-11-01 17:00:15 UTC</createdTime>
<generatorID>4D21CC61-E5B2-6F0C-AE3F-5981B2C97E90</generatorID>
<ownerDesignName>LogiqueUPDATED</ownerDesignName>
<useDomainConstraints>false</useDomainConstraints>
<use>1</use>
<logicalDatatype>LOGDT011</logicalDatatype>
<ownDataTypeParameters>,,</ownDataTypeParameters>
<autoIncrementCycle>false</autoIncrementCycle>
</Column>
<Column name="raison_sociale" id="B7BC5850-5CED-7E13-BC28-3F4906F288BB">
<createdBy>oracle</createdBy>
<createdTime>2021-11-01 17:00:15 UTC</createdTime>
<generatorID>CBD826FB-49DD-C279-23C8-5A2DC94C67D8</generatorID>
<ownerDesignName>LogiqueUPDATED</ownerDesignName>
<nullsAllowed>true</nullsAllowed>
<useDomainConstraints>false</useDomainConstraints>
<use>1</use>
<logicalDatatype>LOGDT025</logicalDatatype>
<ownDataTypeParameters>,,</ownDataTypeParameters>
<autoIncrementCycle>false</autoIncrementCycle>
</Column>
<Column name="numeroRegistre" id="DF36B9FE-F4CE-C52A-5A16-DB729481AEE6">
<createdBy>oracle</createdBy>
<createdTime>2021-11-01 17:00:15 UTC</createdTime>
<generatorID>9EC47144-5C9A-AA41-4537-E27A146B71E4</generatorID>
<ownerDesignName>LogiqueUPDATED</ownerDesignName>
<nullsAllowed>true</nullsAllowed>
<useDomainConstraints>false</useDomainConstraints>
<use>1</use>
<logicalDatatype>LOGDT011</logicalDatatype>
<ownDataTypeParameters>,,</ownDataTypeParameters>
<autoIncrementCycle>false</autoIncrementCycle>
</Column>
<Column name="telephone" id="16E9AC49-49D8-69A1-835A-C6A2CB15690C">
<createdBy>oracle</createdBy>
<createdTime>2021-11-01 17:00:15 UTC</createdTime>
<generatorID>4C7C9EE9-008F-03D6-FFE8-1B250FF1D879</generatorID>
<ownerDesignName>LogiqueUPDATED</ownerDesignName>
<nullsAllowed>true</nullsAllowed>
<useDomainConstraints>false</useDomainConstraints>
<use>1</use>
<logicalDatatype>LOGDT020</logicalDatatype>
<ownDataTypeParameters>,,</ownDataTypeParameters>
<autoIncrementCycle>false</autoIncrementCycle>
</Column>
<Column name="numRue" id="F19D9FF7-2AB6-9B31-1074-8CFA78D7AE78">
<createdBy>oracle</createdBy>
<createdTime>2021-11-01 17:00:15 UTC</createdTime>
<generatorID>8D77843A-4370-ADC3-D29E-D3F4C5521795</generatorID>
<ownerDesignName>LogiqueUPDATED</ownerDesignName>
<nullsAllowed>true</nullsAllowed>
<useDomainConstraints>false</useDomainConstraints>
<use>1</use>
<logicalDatatype>LOGDT011</logicalDatatype>
<ownDataTypeParameters>,,</ownDataTypeParameters>
<autoIncrementCycle>false</autoIncrementCycle>
</Column>
<Column name="nomRue" id="57B58416-7EAF-7B91-3B77-6455EEF253C1">
<createdBy>oracle</createdBy>
<createdTime>2021-11-01 17:00:15 UTC</createdTime>
<generatorID>18627180-2D8D-9BAD-9A9A-A97D65817AFA</generatorID>
<ownerDesignName>LogiqueUPDATED</ownerDesignName>
<nullsAllowed>true</nullsAllowed>
<useDomainConstraints>false</useDomainConstraints>
<use>1</use>
<logicalDatatype>LOGDT025</logicalDatatype>
<dataTypeSize>50</dataTypeSize>
<ownDataTypeParameters>50,,</ownDataTypeParameters>
<autoIncrementCycle>false</autoIncrementCycle>
</Column>
<Column name="ville" id="AFB8E5C4-4E64-2F86-BD4A-ED88D8E93B6C">
<createdBy>oracle</createdBy>
<createdTime>2021-11-01 17:00:15 UTC</createdTime>
<generatorID>A1ABA462-33C6-28D0-6D6F-1D405CD54553</generatorID>
<ownerDesignName>LogiqueUPDATED</ownerDesignName>
<nullsAllowed>true</nullsAllowed>
<useDomainConstraints>false</useDomainConstraints>
<use>1</use>
<logicalDatatype>LOGDT025</logicalDatatype>
<dataTypeSize>50</dataTypeSize>
<ownDataTypeParameters>50,,</ownDataTypeParameters>
<autoIncrementCycle>false</autoIncrementCycle>
</Column>
<Column name="departement" id="906F199C-4E01-DDEA-6356-6B5163D16D88">
<createdBy>oracle</createdBy>
<createdTime>2021-11-01 17:00:15 UTC</createdTime>
<generatorID>D1097A9F-8BB2-2A05-7359-B387DE9D60F6</generatorID>
<ownerDesignName>LogiqueUPDATED</ownerDesignName>
<nullsAllowed>true</nullsAllowed>
<useDomainConstraints>false</useDomainConstraints>
<use>1</use>
<logicalDatatype>LOGDT011</logicalDatatype>
<ownDataTypeParameters>,,</ownDataTypeParameters>
<autoIncrementCycle>false</autoIncrementCycle>
</Column>
</columns>
<indexes itemClass="oracle.dbtools.crest.model.design.relational.Index">
<ind_PK_UK id="A801C804-1DC4-DDBE-44DD-79B62425ACAB" name="SiteEcommerce_PK">
<createdBy>oracle</createdBy>
<createdTime>2021-11-01 17:00:15 UTC</createdTime>
<generatorID>9A00F44B-B5A9-AFC2-EE63-59074DC8BC08</generatorID>
<ownerDesignName>LogiqueUPDATED</ownerDesignName>
<pk>true</pk>
<indexState>Primary Constraint</indexState>
<isSurrogateKey>false</isSurrogateKey>
<indexColumnUsage>
<colUsage columnID="7902D4D5-E86D-609F-CD25-905BAF7B95EE"/>
</indexColumnUsage>
</ind_PK_UK>
</indexes>
</Table>