<?xml version = '1.0' encoding = 'UTF-8'?>
<FKIndexAssociation class="oracle.dbtools.crest.model.design.relational.FKIndexAssociation" directorySegmentName="seg_0" id="0058B937-9ACF-14D2-9B81-1DA7466B469E" containerWithKeyObject="54FCF79D-B140-490C-F2B4-0C563362DE20" localFKIndex="46E3B793-A719-D4AD-AA16-9D6838B4B135" name="Relation_28_Facture_FK">
<createdBy>oracle</createdBy>
<createdTime>2021-11-03 18:21:07 UTC</createdTime>
<generatorID>05B341F4-5491-B40F-3635-62ED7A728B58</generatorID>
<ownerDesignName>Modele logique</ownerDesignName>
<referredTableLongName>Facture</referredTableLongName>
<deleteRule>NO ACTION</deleteRule>
<referredTableID>5801BEB0-0425-CC41-68DD-D8A11525514B</referredTableID>
<keyObject>5F83BCF2-B8EB-2337-BF4D-B8A5F651C9E2</keyObject>
<referredKeyID>5F83BCF2-B8EB-2337-BF4D-B8A5F651C9E2</referredKeyID>
<mandatory>true</mandatory>
<refColNames>id</refColNames>
<transferable>true</transferable>
<rely>false</rely>
<columnDependencyConstraintGenerateInDDL>true</columnDependencyConstraintGenerateInDDL>
</FKIndexAssociation>