<?xml version = '1.0' encoding = 'UTF-8'?>
<FKIndexAssociation class="oracle.dbtools.crest.model.design.relational.FKIndexAssociation" directorySegmentName="seg_0" id="0FB579B4-558C-337D-193D-22CEAD76EA7E" containerWithKeyObject="D26DFB6A-42D9-1C1D-B346-11F17DB4B85B" localFKIndex="11074CF8-DF1E-6687-F4A9-1A9C1B787BC0" name="listeAdressesColis_livreur_FK">
<createdBy>oracle</createdBy>
<createdTime>2021-11-03 18:27:38 UTC</createdTime>
<generatorID>E6D6826D-5B07-FB28-DFB0-0E1D80473FE0</generatorID>
<ownerDesignName>Modele logique</ownerDesignName>
<referredTableLongName>livreur</referredTableLongName>
<deleteRule>NO ACTION</deleteRule>
<referredTableID>E588202D-F0BB-0D06-1BAF-4EEFDDDA123C</referredTableID>
<keyObject>AC00FA47-6284-4242-0F46-7A89C1F58FDC</keyObject>
<referredKeyID>AC00FA47-6284-4242-0F46-7A89C1F58FDC</referredKeyID>
<mandatory>true</mandatory>
<refColNames>id</refColNames>
<transferable>true</transferable>
<rely>false</rely>
<columnDependencyConstraintGenerateInDDL>true</columnDependencyConstraintGenerateInDDL>
</FKIndexAssociation>